Season,National_Gm_Num,Network,Date,Start_Time,End_Time,Duration_Mins,Home,Away,National_Rating,Average_Viewers_000,Average_Households_000
2017-18,1,TNT,10/17/2017,8:00 PM,10:35 PM,155,CLE,BOS,4.3,5623,3936
2017-18,2,TNT,10/17/2017,10:35 PM,1:34 AM,179,GSW,HOU,3.4,4267,3076
2017-18,3,ESPN,10/18/2017,6:59 PM,9:40 PM,161,WAS,PHI,1.6,1873,1437
2017-18,4,ESPN,10/18/2017,9:40 PM,11:56 PM,136,SAS,MIN,1.8,2067,1603
2017-18,5,TNT,10/19/2017,8:14 PM,10:44 PM,150,OKC,NYK,1.8,2292,1631
2017-18,6,TNT,10/19/2017,10:44 PM,1:09 AM,145,LAL,LAC,1.7,2269,1576
2017-18,7,ESPN,10/20/2017,7:00 PM,9:26 PM,146,MIL,CLE,1.5,1858,1350
2017-18,8,ESPN,10/20/2017,9:26 PM,12:00 AM,154,NOP,GSW,2,2428,1782
2017-18,9,NBA TV,10/21/2017,7:59 PM,10:35 PM,156,MEM,GSW,0.62,425,301
2017-18,10,NBA TV,10/21/2017,10:35 PM,1:05 AM,150,LAC,PHX,0.47,289,226
2017-18,11,NBA TV,10/23/2017,8:30 PM,11:10 PM,160,SAS,TOR,0.36,218,172
2017-18,12,NBA TV,10/24/2017,7:00 PM,9:21 PM,141,CLE,CHI,0.88,560,426
2017-18,13,NBA TV,10/24/2017,10:05 PM,12:35 AM,150,POR,NOP,0.82,522,394
2017-18,14,ESPN,10/25/2017,8:01 PM,10:35 PM,154,MIA,SAS,1.2,1365,1049
2017-18,15,ESPN,10/25/2017,10:35 PM,1:20 AM,165,LAL,WAS,1.6,1883,1436
2017-18,16,TNT,10/26/2017,8:14 PM,10:35 PM,141,MIL,BOS,1.2,1388,1111
2017-18,17,TNT,10/26/2017,10:35 PM,1:15 AM,160,SAC,NOP,1,1098,868
2017-18,18,NBA TV,10/27/2017,8:00 PM,10:38 PM,158,MIN,OKC,0.74,442,357
2017-18,19,NBA TV,10/27/2017,10:38 PM,1:11 AM,153,GSW,WAS,1.05,612,507
2017-18,20,NBA TV,10/30/2017,7:30 PM,10:08 PM,158,BOS,SAS,0.46,302,220
2017-18,21,NBA TV,10/30/2017,10:31 PM,12:55 AM,144,LAC,GSW,0.67,381,318
2017-18,22,NBA TV,10/31/2017,8:00 PM,10:24 PM,144,MIL,OKC,0.8,479,382
2017-18,23,NBA TV,10/31/2017,10:24 PM,12:40 AM,136,LAL,DET,0.67,415,318
2017-18,24,ESPN,11/1/2017,8:00 PM,10:35 PM,155,NYK,HOU,0.8,839,688
2017-18,25,ESPN,11/1/2017,10:35 PM,12:58 AM,143,LAC,DAL,0.6,677,542
2017-18,26,TNT,11/2/2017,8:14 PM,10:35 PM,141,SAS,GSW,1.7,1998,1538
2017-18,27,TNT,11/2/2017,10:35 PM,1:10 AM,155,POR,LAL,1.5,1790,1384
2017-18,28,ESPN,11/3/2017,6:59 PM,9:44 PM,165,WAS,CLE,1.6,1788,1377
2017-18,29,ESPN,11/3/2017,9:44 PM,12:05 AM,141,OKC,BOS,2,2370,1733
2017-18,30,NBA TV,11/7/2017,7:00 PM,9:36 PM,156,CLE,MIL,0.93,586,443
2017-18,31,NBA TV,11/7/2017,10:05 PM,12:27 AM,142,SAC,OKC,0.85,495,406
2017-18,32,ESPN,11/8/2017,8:01 PM,10:31 PM,150,BOS,LAL,2.3,2698,2023
2017-18,33,ESPN,11/8/2017,10:31 PM,12:51 AM,140,GSW,MIN,2,2203,1745
2017-18,34,TNT,11/9/2017,8:14 PM,10:44 PM,150,HOU,CLE,1.6,1966,1492
2017-18,35,TNT,11/9/2017,10:44 PM,1:06 AM,142,DEN,OKC,1.1,1288,987
2017-18,36,ESPN,11/10/2017,9:01 PM,11:30 PM,149,SAS,MIL,1.3,1617,1175
2017-18,37,NBA TV,11/11/2017,9:00 PM,11:38 PM,158,UTA,BRK,0.19,110,89
2017-18,38,NBA TV,11/13/2017,7:00 PM,9:23 PM,143,WAS,SAC,0.3,173,143
2017-18,39,NBA TV,11/14/2017,8:00 PM,10:39 PM,159,HOU,TOR,0.6,373,284
2017-18,40,ESPN,11/15/2017,8:00 PM,10:35 PM,155,CHA,CLE,1.8,2073,1600
2017-18,41,ESPN,11/15/2017,10:35 PM,1:00 AM,145,LAL,PHI,2,2181,1714
2017-18,42,TNT,11/16/2017,8:13 PM,10:45 PM,152,BOS,GSW,2.4,3014,2201
2017-18,43,TNT,11/16/2017,10:45 PM,1:10 AM,145,PHX,HOU,1.1,1300,983
2017-18,44,ESPN,11/17/2017,8:01 PM,10:34 PM,153,SAS,OKC,1.5,1722,1305
2017-18,45,ESPN,11/17/2017,10:34 PM,12:51 AM,137,DEN,NOP,1.2,1359,1024
2017-18,46,NBA TV,11/20/2017,6:59 PM,9:35 PM,156,ORL,IND,0.23,139,109
2017-18,47,NBA TV,11/21/2017,10:30 PM,12:58 AM,148,LAL,CHI,0.63,394,302
2017-18,48,ESPN,11/22/2017,8:00 PM,10:35 PM,155,OKC,GSW,2.6,3282,2302
2017-18,49,ESPN,11/22/2017,10:35 PM,12:53 AM,138,SAC,LAL,1.8,2179,1555
2017-18,50,NBA TV,11/24/2017,8:00 PM,10:20 PM,140,CLE,CHA,0.87,550,414
2017-18,51,NBA TV,11/24/2017,10:28 PM,12:49 AM,141,GSW,CHI,0.84,557,403
2017-18,52,NBA TV,11/25/2017,8:00 PM,10:29 PM,149,HOU,NYK,0.31,188,148
2017-18,53,NBA TV,11/27/2017,8:30 PM,10:49 PM,139,SAS,DAL,0.34,187,163
2017-18,54,NBA TV,11/28/2017,7:00 PM,9:23 PM,143,CLE,MIA,0.76,440,361
2017-18,55,ESPN,11/28/2017,10:03 PM,12:18 AM,135,UTA,DEN,0.8,889,682
2017-18,56,NBA TV,11/29/2017,7:00 PM,9:51 PM,171,PHI,WAS,0.42,250,199
2017-18,57,NBA TV,11/29/2017,10:30 PM,1:14 AM,164,LAL,GSW,0.81,483,384
2017-18,58,NBA TV,11/30/2017,7:30 PM,10:05 PM,155,BOS,PHI,0.63,376,300
2017-18,59,NBA TV,11/30/2017,10:05 PM,12:23 AM,138,POR,MIL,0.49,279,234
2017-18,60,NBA TV,12/1/2017,8:00 PM,10:30 PM,150,OKC,MIN,0.59,370,282
2017-18,61,NBA TV,12/3/2017,6:58 PM,9:34 PM,156,OKC,SAS,0.37,238,177
2017-18,62,NBA TV,12/3/2017,9:34 PM,11:54 PM,140,LAL,HOU,0.44,267,212
2017-18,63,NBA TV,12/4/2017,7:31 PM,9:52 PM,141,BOS,MIL,0.43,260,204
2017-18,64,NBA TV,12/5/2017,7:30 PM,9:59 PM,149,TOR,PHX,0.49,307,233
2017-18,65,NBA TV,12/5/2017,9:59 PM,12:23 AM,144,POR,WAS,0.53,308,251
2017-18,66,ESPN,12/6/2017,8:01 PM,10:35 PM,154,CHA,GSW,1.4,1573,1205
2017-18,67,ESPN,12/6/2017,10:35 PM,12:50 AM,135,LAC,MIN,1,1060,861
2017-18,68,TNT,12/7/2017,8:13 PM,10:41 PM,148,PHI,LAL,1,1272,947
2017-18,69,TNT,12/7/2017,10:41 PM,1:03 AM,142,UTA,HOU,0.8,943,716
2017-18,70,ESPN,12/8/2017,7:00 PM,9:35 PM,155,DET,GSW,1.5,1627,1269
2017-18,71,ESPN,12/8/2017,9:35 PM,11:55 PM,140,SAS,BOS,1.9,2102,1611
2017-18,72,NBA TV,12/9/2017,6:05 PM,8:19 PM,134,BRK,MIA,0.27,174,127
2017-18,73,NBA TV,12/9/2017,8:19 PM,11:08 PM,169,MIL,UTA,0.41,258,196
2017-18,74,NBA TV,12/11/2017,8:08 PM,10:23 PM,135,HOU,NOP,0.51,297,244
2017-18,75,NBA TV,12/11/2017,10:37 PM,1:04 AM,147,LAC,TOR,0.32,180,151
2017-18,76,ESPN,12/12/2017,6:59 PM,9:39 PM,160,NYK,LAL,1.6,1812,1396
2017-18,77,ESPN,12/12/2017,9:39 PM,12:20 AM,161,MIN,PHI,1.5,1704,1331
2017-18,78,ESPN,12/13/2017,7:00 PM,9:35 PM,155,IND,OKC,1.4,1552,1246
2017-18,79,ESPN,12/13/2017,9:35 PM,11:47 PM,132,HOU,CHA,1.4,1524,1242
2017-18,80,TNT,12/14/2017,8:14 PM,10:33 PM,139,CLE,LAL,1.5,1798,1352
2017-18,81,TNT,12/14/2017,10:33 PM,12:59 AM,146,GSW,DAL,1.2,1395,1111
2017-18,82,ESPN,12/15/2017,6:59 PM,10:16 PM,197,PHI,OKC,1.7,1968,1477
2017-18,83,ESPN,12/15/2017,10:16 PM,11:50 PM,94,HOU,SAS,1.7,1954,1465
2017-18,84,NBA TV,12/16/2017,7:30 PM,10:07 PM,157,NYK,OKC,0.67,451,320
2017-18,85,NBA TV,12/18/2017,7:00 PM,9:36 PM,156,IND,BOS,0.52,323,250
2017-18,86,NBA TV,12/18/2017,10:30 PM,1:31 AM,181,LAL,GSW,1.04,629,494
2017-18,87,NBA TV,12/19/2017,8:00 PM,10:30 PM,150,MIL,CLE,1.14,707,544
2017-18,88,NBA TV,12/20/2017,8:00 PM,10:37 PM,157,HOU,LAL,0.93,589,445
2017-18,89,NBA TV,12/20/2017,10:37 PM,1:00 AM,143,GSW,MEM,0.84,522,401
2017-18,90,TNT,12/21/2017,8:14 PM,10:38 PM,144,NYK,BOS,1.5,1758,1320
2017-18,91,TNT,12/21/2017,10:38 PM,1:03 AM,145,UTA,SAS,1.1,1273,976
2017-18,92,ESPN,12/22/2017,8:01 PM,10:40 PM,159,HOU,LAC,1.5,1712,1269
2017-18,93,ESPN,12/22/2017,10:40 PM,1:05 AM,145,GSW,LAL,2,2352,1716
2017-18,94,ESPN,12/25/2017,12:00 PM,2:41 PM,161,NYK,PHI,2.6,3457,2240
2017-18,95,ABC,12/25/2017,3:01 PM,5:43 PM,162,GSW,CLE,4.5,8834,5333
2017-18,96,ABC,12/25/2017,5:43 PM,8:01 PM,138,BOS,WAS,3.1,6238,3680
2017-18,97,ABC,12/25/2017,8:01 PM,10:33 PM,152,OKC,HOU,2.6,4989,3057
2017-18,98,TNT,12/25/2017,10:43 PM,12:56 AM,133,LAL,MIN,1.1,1544,1007
2017-18,99,NBA TV,12/26/2017,8:00 PM,10:25 PM,145,MIL,CHI,0.55,360,262
2017-18,100,NBA TV,12/26/2017,10:25 PM,12:46 AM,141,LAC,SAC,0.43,252,205
2017-18,101,NBA TV,12/27/2017,8:01 PM,10:32 PM,151,OKC,TOR,0.71,460,337
2017-18,102,NBA TV,12/27/2017,10:32 PM,1:05 AM,153,GSW,UTA,0.89,536,422
2017-18,103,TNT,12/28/2017,8:14 PM,10:39 PM,145,BOS,HOU,1.4,1746,1246
2017-18,104,TNT,12/28/2017,10:39 PM,1:21 AM,162,POR,PHI,1.1,1316,978
2017-18,105,NBA TV,12/29/2017,7:00 PM,9:19 PM,139,WAS,HOU,0.46,311,219
2017-18,106,NBA TV,12/30/2017,0.875,0.978472222,150,DEN,PHI,0.33,185,159
2017-18,107,NBA TV,1/2/2018,0.791666667,0.892361111,146,CLE,POR,1.2,749,569
2017-18,108,NBA TV,1/2/2018,0.940277778,0.045138889,152,LAC,MEM,0.46,269,215
2017-18,109,ESPN,1/3/2018,8:01 PM,10:35 PM,154,BOS,CLE,2.8,3231,2405
2017-18,110,ESPN,1/3/2018,10:35 PM,1:15 AM,160,LAL,OKC,1.8,1981,1584
2017-18,111,TNT,1/4/2018,10:35 PM,1:12 AM,157,HOU,GSW,2.4,2878,2134
2017-18,112,TNT,1/4/2018,8:14 PM,10:35 PM,141,LAC,OKC,1.3,1548,1220
2017-18,113,ESPN,1/5/2018,6:59 PM,9:35 PM,156,BOS,MIN,1.4,1613,1226
2017-18,114,ESPN,1/5/2018,9:35 PM,12:05 AM,150,MEM,WAS,1.2,1312,1033
2017-18,115,NBA TV,1/7/2018,9:00 PM,11:33 PM,153,POR,SAS,0.49,314,233
2017-18,116,NBA TV,1/8/2018,7:00 PM,9:27 PM,147,IND,MIL,0.23,132,108
2017-18,117,NBA TV,1/9/2018,0.833333333,0.928472222,138,OKC,POR,0.642592716,387,303
2017-18,118,NBA TV,1/9/2018,0.936111111,0.036111111,145,LAL,SAC,0.521660924,296,246
2017-18,119,ESPN,1/10/2018,8:01 PM,10:35 PM,154,MIN,OKC,1.6,1682,1356
2017-18,120,ESPN,1/10/2018,10:35 PM,12:56 AM,141,GSW,LAC,1.6,1736,1425
2017-18,121,NBA TV,1/11/2018,3:00 PM,5:30 PM,150,PHI,BOS,0.25,143,117
2017-18,122,TNT,1/11/2018,8:00 PM,10:30 PM,150,TOR,CLE,1.5,1792,1395
2017-18,123,TNT,1/11/2018,10:30 PM,12:47 AM,137,LAL,SAS,1.4,1578,1237
2017-18,124,ESPN,1/12/2018,8:00 PM,10:35 PM,155,MIL,GSW,1.6,1826,1408
2017-18,125,ESPN,1/12/2018,10:35 PM,12:43 AM,128,PHX,HOU,1.2,1307,1012
2017-18,126,ESPN,1/14/2018,9:04 PM,11:21 PM,137,MIN,POR,1,1133,858
2017-18,127,NBA TV,1/15/2018,12:30 PM,2:52 PM,142,DET,CHA,0.22,127,103
2017-18,128,NBA TV,1/15/2018,3:01 PM,5:28 PM,147,ATL,SAS,0.3,189,143
2017-18,129,TNT,1/15/2018,5:43 PM,8:18 PM,155,MEM,LAL,0.9,1039,798
2017-18,130,TNT,1/15/2018,8:18 PM,10:49 PM,151,CLE,GSW,3.7,4700,3375
2017-18,131,TNT,1/15/2018,10:49 PM,1:15 AM,146,LAC,HOU,1.6,1948,1483
2017-18,132,NBA TV,1/16/2018,7:30 PM,10:12 PM,162,BOS,NOP,0.94,595,445
2017-18,133,NBA TV,1/16/2018,10:12 PM,12:18 AM,126,POR,PHX,0.69,423,324
2017-18,134,ESPN,1/17/2018,8:01 PM,10:12 PM,131,OKC,LAL,1.3,1540,1170
2017-18,135,ESPN,1/17/2018,10:35 PM,1:04 AM,149,LAC,DEN,0.9,1063,823
2017-18,136,TNT,1/18/2018,0.792361111,0.897222222,152,BOS,PHI,1.1,1201,960
2017-18,137,TNT,1/18/2018,0.897916667,0.988888889,132,HOU,MIN,1.3,1502,1143
2017-18,138,ESPN,1/19/2018,8:02 PM,10:35 PM,153,DET,WAS,1.1,1178,921
2017-18,139,ESPN,1/19/2018,10:35 PM,1:05 AM,150,UTA,NYK,1,1057,845
2017-18,140,ABC,1/20/2018,3:31 PM,6:06 PM,155,CLE,OKC,1.7,2793,2093
2017-18,141,ABC,1/20/2018,8:31 PM,11:00 PM,149,HOU,GSW,2.6,4479,3140
2017-18,142,NBA TV,1/22/2018,8:01 PM,10:35 PM,154,HOU,MIA,0.61,372,290
2017-18,143,NBA TV,1/22/2018,10:35 PM,1:06 AM,151,LAC,MIN,0.48,306,226
2017-18,144,TNT,1/23/2018,8:00 PM,10:24 PM,144,SAS,CLE,1.7,2005,1534
2017-18,145,TNT,1/23/2018,10:24 PM,1:03 AM,159,LAL,BOS,1.3,1542,1213
2017-18,146,ESPN,1/24/2018,8:02 PM,10:35 PM,153,DAL,HOU,1.2,1292,1019
2017-18,147,ESPN,1/24/2018,10:35 PM,1:03 AM,148,LAC,BOS,1.2,1268,1027
2017-18,148,TNT,1/25/2018,8:00 PM,10:37 PM,157,OKC,WAS,1.4,1649,1300
2017-18,149,TNT,1/25/2018,10:37 PM,12:51 AM,134,GSW,MIN,1.6,1797,1429
2017-18,150,ESPN,1/26/2018,8:01 PM,10:38 PM,157,NOP,HOU,1.4,1551,1224
2017-18,151,ABC,1/27/2018,8:31 PM,11:03 PM,152,GSW,BOS,2.8,4688,3386
2017-18,152,NBA TV,1/28/2018,3:31 PM,6:07 PM,156,HOU,PHX,0.33,198,155
2017-18,153,ESPN,1/28/2018,6:00 PM,8:41 PM,161,OKC,PHI,1.8,2105,1574
2017-18,154,NBA TV,1/29/2018,0.875,0.977083333,148,DEN,BOS,0.676560893,398,318
2017-18,155,TNT,1/30/2018,0.843055556,0.942361111,144,DET,CLE,1.3,1404,1135
2017-18,156,TNT,1/30/2018,0.943055556,0.040972222,142,LAC,POR,0.9,998,787
2017-18,157,ESPN,1/31/2018,8:00 PM,10:19 PM,139,BOS,NYK,1.4,1541,1209
2017-18,158,ESPN,1/31/2018,10:35 PM,12:56 AM,141,PHX,DAL,0.9,975,790
2017-18,159,TNT,2/1/2018,8:14 PM,10:29 PM,135,SAS,HOU,1.3,1442,1142
2017-18,160,TNT,2/1/2018,10:29 PM,1:05 AM,156,DEN,OKC,1.2,1345,1049
2017-18,161,ESPN,2/2/2018,8:01 PM,10:35 PM,154,PHI,MIA,1.2,1353,1049
2017-18,162,ESPN,2/2/2018,10:35 PM,12:54 AM,139,SAC,GSW,1.7,1850,1446
2017-18,163,ABC,2/3/2018,0.854861111,0.953472222,143,CLE,HOU,1.8,2973,2159
2017-18,164,ABC,2/4/2018,0.584027778,0.689583333,153,OKC,LAL,1.5,2532,1913
2017-18,165,NBA TV,2/5/2018,0.791666667,0.881944444,131,DET,POR,0.41,244,191
2017-18,166,NBA TV,2/5/2018,0.9375,0.04375,154,LAC,DAL,0.29,176,137
2017-18,167,TNT,2/6/2018,8:14 PM,10:38 PM,144,PHI,WAS,1,1204,935
2017-18,168,TNT,2/6/2018,10:38 PM,1:12 AM,154,GSW,OKC,2.1,2525,1932
2017-18,169,ESPN,2/7/2018,8:01 PM,10:43 PM,162,CLE,MIN,1.9,2155,1662
2017-18,170,ESPN,2/7/2018,10:43 PM,12:51 AM,128,PHX,SAS,1,1091,901
2017-18,171,TNT,2/8/2018,0.843055556,0.955555556,163,WAS,BOS,1.3,1636,1298
2017-18,172,TNT,2/8/2018,0.95625,0.038888889,120,LAL,OKC,1.3,1518,1193
2017-18,173,ESPN,2/9/2018,0.790972222,0.898611111,156,DET,LAC,1.2,1251,1006
2017-18,174,ESPN,2/9/2018,0.899305556,0.002777778,150,CHI,MIN,1.4,1496,1193
2017-18,175,ABC,2/10/2018,8:31 PM,10:56 PM,145,GSW,SAS,1.8,2777,2155
2017-18,176,ABC,2/11/2018,3:31 PM,6:00 PM,149,BOS,CLE,2.9,4647,3511
2017-18,177,NBA TV,2/11/2018,7:05 PM,9:32 PM,147,HOU,DAL,0.59,387,275
2017-18,178,NBA TV,2/12/2018,7:00 PM,9:35 PM,155,PHI,NYK,0.37,216,175
2017-18,179,NBA TV,2/12/2018,10:30 PM,12:55 AM,145,GSW,PHX,0.64,358,301
2017-18,180,TNT,2/13/2018,8:14 PM,10:41 PM,147,OKC,CLE,2.3,2765,2084
2017-18,181,TNT,2/13/2018,10:41 PM,1:03 AM,142,DEN,SAS,1.1,1239,974
2017-18,182,ESPN,2/14/2018,8:01 PM,10:35 PM,154,BOS,LAC,1.2,1290,1000
2017-18,183,ESPN,2/14/2018,10:35 PM,1:06 AM,151,POR,GSW,1.6,1720,1365
2017-18,184,TNT,2/15/2018,9:00 PM,11:29 PM,149,MIN,LAL,1.2,1309,1061
2017-18,185,TNT,2/22/2018,8:14 PM,10:35 PM,141,CLE,WAS,1.8,2083,1618
2017-18,186,TNT,2/22/2018,10:35 PM,1:13 AM,158,GSW,LAC,1.4,1609,1252
2017-18,187,ESPN,2/23/2018,8:01 PM,10:35 PM,154,HOU,MIN,1.2,1348,1037
2017-18,188,ESPN,2/23/2018,10:35 PM,12:55 AM,140,LAL,DAL,1.3,1392,1094
2017-18,189,ABC,2/24/2018,8:31 PM,11:01 PM,150,GSW,OKC,2.5,4063,2961
2017-18,190,ABC,2/25/2018,3:31 PM,6:01 PM,150,CLE,SAS,1.9,3041,2324
2017-18,191,ESPN,2/25/2018,8:01 PM,10:30 PM,149,WAS,PHI,1.2,1391,1059
2017-18,192,NBA TV,2/26/2018,7:31 PM,10:00 PM,149,NYK,GSW,0.69,387,320
2017-18,193,NBA TV,2/26/2018,10:00 PM,12:16 AM,136,SAC,MIN,0.42,243,198
2017-18,194,TNT,2/27/2018,0.84375,0.945833333,148,MIL,WAS,0.9,1096,848
2017-18,195,TNT,2/27/2018,0.946527778,0.055555556,158,DEN,LAC,0.7,801,653
2017-18,196,ESPN,2/28/2018,0.834027778,0.934722222,146,WAS,GSW,1.9,2042,1606
2017-18,197,ESPN,2/28/2018,0.940972222,0.038194444,141,LAC,HOU,1.3,1369,1109
2017-18,198,TNT,3/1/2018,8:13 PM,10:41 PM,148,CLE,PHI,1.8,2010,1596
2017-18,199,TNT,3/1/2018,10:41 PM,1:11 AM,150,POR,MIN,1.1,1288,1027
2017-18,200,ESPN,3/2/2018,8:01 PM,10:36 PM,155,WAS,TOR,1,1082,876
2017-18,201,ESPN,3/2/2018,10:36 PM,1:08 AM,152,UTA,MIN,0.9,1008,806
2017-18,202,ABC,3/3/2018,8:31 PM,11:09 PM,158,HOU,BOS,1.9,3201,2330
2017-18,203,ESPN,3/4/2018,8:00 PM,10:38 PM,158,MIL,PHI,1.2,1364,1044
2017-18,204,NBA TV,3/5/2018,0.791666667,0.893055556,147,CLE,DET,0.69,391,323
2017-18,205,NBA TV,3/5/2018,0.9375,0.042361111,152,LAL,POR,0.58,342,271
2017-18,206,TNT,3/6/2018,0.843055556,0.943055556,145,OKC,HOU,1.6,1898,1475
2017-18,207,TNT,3/6/2018,0.94375,0.041666667,142,LAC,NOP,1,1166,930
2017-18,208,ESPN,3/7/2018,0.834722222,0.950694444,168,DET,TOR,1.1,1244,993
2017-18,209,ESPN,3/7/2018,0.951388889,0.039583333,128,DEN,CLE,1.3,1409,1154
2017-18,210,TNT,3/8/2018,8:14 PM,10:38 PM,144,MIN,BOS,1.2,1424,1083
2017-18,211,TNT,3/8/2018,10:38 PM,1:07 AM,149,GSW,SAS,1.7,2080,1534
2017-18,212,NBA TV,3/9/2018,8:00 PM,10:18 PM,138,NOP,WAS,0.32,193,147
2017-18,213,NBA TV,3/9/2018,10:18 PM,1:05 AM,167,LAC,CLE,0.43,265,201
2017-18,214,ABC,3/10/2018,8:31 PM,10:56 PM,145,OKC,SAS,1.4,2192,1663
2017-18,215,ABC,3/11/2018,3:31 PM,6:00 PM,149,MIN,GSW,1.5,2224,1775
2017-18,216,ESPN,3/11/2018,9:00 PM,11:23 PM,143,LAL,CLE,1.9,2263,1663
2017-18,217,ESPN,3/12/2018,0.833333333,0.940277778,155,HOU,SAS,1.2,1334,1070
2017-18,218,ESPN,3/12/2018,0.940972222,0.035416667,137,POR,MIA,1.1,1127,943
2017-18,219,NBA TV,3/13/2018,0.791666667,0.890277778,143,WAS,MIN,0.25,146,118
2017-18,220,NBA TV,3/13/2018,0.9375,0.045833333,157,LAL,DEN,0.48,282,222
2017-18,221,ESPN,3/14/2018,0.833333333,0.965972222,192,BOS,WAS,1.5,1699,1330
2017-18,222,ESPN,3/14/2018,0.966666667,0.039583333,106,GSW,LAL,1.7,1892,1490
2017-18,223,NBA TV,3/15/2018,8:00 PM,10:27 PM,147,HOU,LAC,0.39,213,182
2017-18,224,NBA TV,3/16/2018,8:02 PM,10:29 PM,147,OKC,LAC,0.43,256,203
2017-18,225,NBA TV,3/16/2018,10:29 PM,1:03 AM,154,LAL,MIA,0.34,202,160
2017-18,226,NBA TV,3/17/2018,8:30 PM,10:57 PM,147,SAS,MIN,0.24,143,112
2017-18,227,NBA TV,3/18/2018,7:00 PM,9:42 PM,162,MIN,HOU,0.4,216,187
2017-18,228,NBA TV,3/18/2018,10:32 PM,12:52 AM,140,LAC,POR,0.3,151,141
2017-18,229,ESPN,3/19/2018,7:00 PM,9:41 PM,161,CLE,MIL,1.4,1565,1218
2017-18,230,ESPN,3/19/2018,9:41 PM,11:59 PM,138,SAS,GSW,1.7,1879,1471
2017-18,231,TNT,3/20/2018,0.842361111,0.941666667,144,BOS,OKC,1.339710211,1523,1211
2017-18,232,TNT,3/20/2018,0.942361111,0.043055556,146,POR,HOU,1.395458166,1615,1261
2017-18,233,ESPN,3/21/2018,0.791666667,0.899305556,156,CLE,TOR,1.649412512,1886,1431
2017-18,234,ESPN,3/21/2018,0.9,0.99375,136,SAS,WAS,1.419648388,1564,1232
2017-18,235,NBA TV,3/22/2018,0.790277778,0.896527778,154,ORL,PHI,0.205153256,116,96
2017-18,236,NBA TV,3/22/2018,0.791666667,0.896527778,152,SAC,ATL,0.176368912,102,82
2017-18,237,NBA TV,3/23/2018,0.916666667,0.020833333,151,WAS,DEN,0.335419238,188,157
2017-18,238,NBA TV,3/23/2018,0.833333333,0.925,133,POR,BOS,0.317213023,192,148
2017-18,239,NBA TV,3/24/2018,0.541666667,0.645138889,150,BRK,CLE,0.480130415,295,224
2017-18,240,NBA TV,3/25/2018,0.75,0.852083333,148,WAS,NYK,0.241578383,148,113
2017-18,241,NBA TV,3/25/2018,0.852777778,0.950694444,142,GSW,UTA,0.617599005,383,288
2017-18,242,NBA TV,3/26/2018,0.791666667,0.9,157,PHI,DEN,0.391108051,223,183
2017-18,243,NBA TV,3/26/2018,0.916666667,0.013194444,140,PHX,BOS,0.388657187,232,181
2017-18,244,TNT,3/27/2018,8:14 PM,10:39 PM,145,MIA,CLE,1.2,1377,1102
2017-18,245,TNT,3/27/2018,10:39 PM,1:02 AM,143,LAC,MIL,0.8,878,691
2017-18,246,NBA TV,3/28/2018,7:00 PM,9:38 PM,158,CHA,CLE,0.51,315,237
2017-18,247,ESPN,3/28/2018,9:32 PM,11:57 PM,145,UTA,BOS,1.1,1202,938
2017-18,248,TNT,3/29/2018,8:14 PM,10:43 PM,149,SAS,OKC,1.3,1530,1175
2017-18,249,TNT,3/29/2018,10:43 PM,12:53 AM,130,GSW,MIL,1.2,1376,1094
2017-18,250,ESPN,3/30/2018,8:01 PM,10:35 PM,154,CLE,NOP,1.3,1507,1160
2017-18,251,ESPN,3/30/2018,10:35 PM,12:58 AM,143,POR,LAC,0.9,926,761
2017-18,252,NBA TV,3/31/2018,3:00 PM,5:30 PM,150,WAS,CHA,0.16,92,73
2017-18,253,NBA TV,3/31/2018,7:30 PM,10:06 PM,156,BOS,TOR,0.36,245,166
2017-18,254,NBA TV,4/1/2018,1:00 PM,3:30 PM,150,CHA,PHI,0.22,145,103
2017-18,255,ABC,4/1/2018,3:31 PM,6:00 PM,149,SAS,HOU,1.4,2305,1632
2017-18,256,NBA TV,4/1/2018,6:00 PM,8:37 PM,157,CLE,DAL,0.5,300,231
2017-18,257,NBA TV,4/1/2018,9:30 PM,11:51 PM,141,LAL,SAC,0.43,260,200
2017-18,258,TNT,4/3/2018,8:14 PM,10:43 PM,149,OKC,GSW,1.7,2068,1563
2017-18,259,TNT,4/3/2018,10:43 PM,1:27 AM,164,LAC,SAS,0.9,1005,834
2017-18,260,ESPN,4/4/2018,0.834027778,0.940277778,154,TOR,BOS,1.2,1311,1042
2017-18,261,ESPN,4/4/2018,0.940972222,0.05,158,LAL,SAS,1.2,1305,1050
2017-18,262,TNT,4/5/2018,0.843055556,0.942361111,144,CLE,WAS,1.5,1755,1381
2017-18,263,TNT,4/5/2018,0.943055556,0.043055556,145,DEN,MIN,0.955301994,1083,864
2017-18,264,NBA TV,4/6/2018,7:00 PM,9:43 PM,163,PHI,CLE,0.77,470,355
2017-18,265,NBA TV,4/6/2018,10:34 PM,12:57 AM,143,LAL,MIN,0.43,242,197
2017-18,266,NBA TV,4/7/2018,3:30 PM,6:02 PM,152,LAC,DEN,0.272547863,167,126
2017-18,267,ABC,4/7/2018,8:31 PM,11:05 PM,154,HOU,OKC,1.701471308,2680,2035
2017-18,268,NBA TV,4/8/2018,1:00 PM,3:26 PM,146,PHI,DAL,0.336759071,183,156
2017-18,269,NBA TV,4/8/2018,3:26 PM,5:48 PM,142,MEM,DET,0.317334833,178,147
2017-18,270,NBA TV,4/8/2018,5:48 PM,8:14 PM,146,TOR,ORL,0.408236016,244,189
2017-18,271,NBA TV,4/8/2018,8:59 PM,11:10 PM,131,PHX,GSW,0.729645037,423,338
2017-18,272,NBA TV,4/9/2018,0.8125,0.920833333,157,NYK,CLE,0.640948079,380,297
2017-18,273,ESPN,4/9/2018,0.953472222,0.034722222,118,LAC,NOP,0.648072132,688,562
2017-18,274,TNT,4/10/2018,0.843055556,0.940972222,142,WAS,BOS,1.1,1204,975
2017-18,275,TNT,4/10/2018,0.941666667,0.036805556,138,LAL,HOU,1.003445762,1114,907
2017-18,276,ESPN,4/11/2018,8:00 PM,10:35 PM,155,PHI,MIL,0.9,1039,816
2017-18,277,NBA TV,4/11/2018,8:00 PM,11:00 PM,180,MIN,DEN,0.65,380,300
2017-18,278,ESPN,4/11/2018,10:35 PM,12:58 AM,143,POR,UTA,1,1109,886
2016-17,1,TNT,10/25/2016,0.814583333,0.925,159,CLE,NYK,2.2,2872,2044
2016-17,2,TNT,10/25/2016,0.925,0.038888889,164,GSW,SAS,2.6,3483,2428
2016-17,3,ESPN,10/26/2016,0.836111111,0.945833333,158,PHI,OKC,1.4,1583,1224
2016-17,4,ESPN,10/26/2016,0.945833333,0.05,150,LAL,HOU,1.7,2002,1518
2016-17,5,TNT,10/27/2016,0.842361111,0.950694444,156,CHI,BOS,1.6,1961,1430
2016-17,6,TNT,10/27/2016,0.950694444,0.072222222,175,POR,LAC,1.4,1685,1256
2016-17,7,ESPN,10/28/2016,0.791666667,0.900694444,157,TOR,CLE,1.1,1410,1015
2016-17,8,ESPN,10/28/2016,0.900694444,0.007638889,154,NOP,GSW,1.5,1875,1340
2016-17,9,NBA TV,10/29/2016,0.833333333,0.942361111,157,SAS,NOP,0.3,219,161
2016-17,10,NBA TV,10/29/2016,0.942361111,0.059027778,168,SAC,MIN,0.36,260,192
2016-17,11,NBA TV,10/30/2016,0.833333333,0.95,168,MEM,WAS,0.12,82,64
2016-17,12,NBA TV,10/31/2016,0.8125,0.906944444,136,BRK,CHI,0.28,176,151
2016-17,13,NBA TV,11/1/2016,0.75,0.863194444,163,CLE,HOU,0.59,400,317
2016-17,14,NBA TV,11/1/2016,0.919444444,0.01875,143,POR,GSW,0.98,692,525
2016-17,15,ESPN,11/2/2016,0.836111111,0.943055556,154,BOS,CHI,0.7,811,647
2016-17,16,ESPN,11/2/2016,0.943055556,0.047222222,150,LAC,OKC,0.8,947,701
2016-17,17,TNT,11/3/2016,0.843055556,0.951388889,156,CLE,BOS,1.7,2277,1601
2016-17,18,TNT,11/3/2016,0.951388889,0.054861111,149,GSW,OKC,2.9,3769,2657
2016-17,19,ESPN,11/4/2016,0.836805556,0.941666667,151,CHI,NYK,1.7,1999,1499
2016-17,20,ESPN,11/4/2016,0.941666667,0.04375,147,LAL,GSW,2,2496,1819
2016-17,21,NBA TV,11/5/2016,0.854166667,0.961805556,155,SAS,LAC,0.34,270,184
2016-17,22,NBA TV,11/6/2016,0.875,0.977083333,147,DAL,MIL,0.23,191,122
2016-17,23,NBA TV,11/7/2016,0.791666667,0.907638889,167,PHI,UTA,0.25,171,134
2016-17,24,NBA TV,11/8/2016,0.793055556,0.896527778,149,CLE,ATL,0.59,429,314
2016-17,25,NBA TV,11/8/2016,0.9375,0.047222222,158,SAC,NOP,0.25,174,131
2016-17,26,ESPN,11/9/2016,0.790972222,0.897222222,153,NYK,BRK,1,1114,861
2016-17,27,ESPN,11/9/2016,0.897222222,0.002083333,151,SAS,HOU,1.3,1451,1112
2016-17,28,TNT,11/10/2016,0.84375,0.947916667,150,MIA,CHI,1.3,1581,1192
2016-17,29,TNT,11/10/2016,0.947916667,0.054166667,153,SAC,LAL,1.2,1497,1104
2016-17,30,NBA TV,11/11/2016,0.833333333,0.946527778,163,OKC,LAC,0.56,407,297
2016-17,31,NBA TV,11/12/2016,0.875,0.970833333,138,DEN,DET,0.15,105,80
2016-17,32,NBA TV,11/14/2016,0.875,0.970833333,163,HOU,PHI,0.19,136,101
2016-17,33,NBA TV,11/15/2016,0.793055556,0.899305556,153,CLE,TOR,0.68,473,363
2016-17,34,NBA TV,11/15/2016,0.916666667,0.013194444,139,POR,CHI,0.46,306,245
2016-17,35,ESPN,11/16/2016,0.836111111,0.948611111,162,TOR,GSW,1.7,2000,1508
2016-17,36,ESPN,11/16/2016,0.948611111,0.061111111,162,LAC,MEM,1.4,1615,1240
2016-17,37,TNT,11/17/2016,0.843055556,0.944444444,146,MIN,PHI,0.5,611,494
2016-17,38,TNT,11/17/2016,0.944444444,0.045138889,145,UTA,CHI,0.6,736,585
2016-17,39,ESPN,11/18/2016,0.836805556,0.940972222,150,BOS,GSW,1.7,1962,1468
2016-17,40,ESPN,11/18/2016,0.940972222,0.054861111,164,SAC,LAC,1.1,1281,984
2016-17,41,NBA TV,11/19/2016,0.833333333,0.944444444,160,MEM,MIN,0.26,172,139
2016-17,42,NBA TV,11/19/2016,0.944444444,0.053472222,157,LAC,CHI,0.42,286,225
2016-17,43,NBA TV,11/21/2016,0.854861111,0.956944444,147,SAS,DAL,0.28,202,146
2016-17,44,NBA TV,11/22/2016,0.878472222,0.979861111,146,DEN,CHI,0.62,449,329
2016-17,45,ESPN,11/23/2016,0.790972222,0.899305556,156,CHA,SAS,1,1110,857
2016-17,46,ESPN,11/23/2016,0.899305556,0.997916667,142,NOP,MIN,1.1,1287,933
2016-17,47,NBA TV,11/25/2016,0.8125,0.922222222,158,NYK,CHA,0.42,303,223
2016-17,48,NBA TV,11/25/2016,0.940972222,0.042361111,146,LAL,GSW,0.76,627,402
2016-17,49,NBA TV,11/26/2016,0.791666667,0.901388889,158,WAS,SAS,0.28,202,147
2016-17,50,NBA TV,11/28/2016,0.813194444,0.927083333,164,MIA,BOS,0.23,156,124
2016-17,51,NBA TV,11/29/2016,0.875,0.974305556,143,UTA,HOU,0.46,322,240
2016-17,52,NBA TV,11/30/2016,0.8125,0.916666667,150,BOS,DET,0.37,231,193
2016-17,53,NBA TV,11/30/2016,0.916666667,0.01875,147,POR,IND,0.38,249,198
2016-17,54,TNT,12/1/2016,0.843055556,0.952083333,157,CLE,LAC,0.9,1053,825
2016-17,55,TNT,12/1/2016,0.952083333,0.089583333,198,GSW,HOU,1.4,1591,1238
2016-17,56,ESPN,12/2/2016,0.834027778,0.934027778,144,CHI,CLE,1.5,1713,1320
2016-17,57,ESPN,12/2/2016,0.934027778,0.039583333,152,DEN,HOU,1.1,1216,937
2016-17,58,NBA TV,12/3/2016,0.875,0.984027778,157,UTA,DEN,0.14,102,74
2016-17,59,NBA TV,12/5/2016,0.833333333,0.940972222,155,HOU,BOS,0.38,253,202
2016-17,60,NBA TV,12/5/2016,0.940972222,0.045833333,151,GSW,IND,0.75,497,394
2016-17,61,NBA TV,12/6/2016,0.833333333,0.935416667,147,MIN,SAS,0.53,361,279
2016-17,62,ESPN,12/7/2016,0.833333333,0.940972222,155,NYK,CLE,1.6,1828,1419
2016-17,63,ESPN,12/7/2016,0.940972222,0.050694444,158,LAC,GSW,2,2367,1785
2016-17,64,TNT,12/8/2016,0.801388889,0.905555556,150,TOR,MIN,0.6,707,578
2016-17,65,TNT,12/8/2016,0.905555556,0.006944444,146,CHI,SAS,0.9,1037,795
2016-17,66,ESPN,12/9/2016,0.836111111,0.945138889,157,OKC,HOU,1.5,1820,1358
2016-17,67,ESPN,12/9/2016,0.945138889,0.047222222,147,LAL,PHX,1.3,1584,1174
2016-17,68,NBA TV,12/10/2016,0.833333333,0.940277778,154,CHI,MIA,0.49,342,259
2016-17,69,NBA TV,12/10/2016,0.940277778,0.040972222,145,LAC,NOP,0.42,274,220
2016-17,70,NBA TV,12/12/2016,0.8125,0.922222222,158,MIA,WAS,0.21,141,111
2016-17,71,NBA TV,12/12/2016,0.940972222,0.059027778,170,LAC,POR,0.36,249,188
2016-17,72,ESPN,12/13/2016,0.834027778,0.940972222,154,CHI,MIN,1.2,1353,1092
2016-17,73,ESPN,12/13/2016,0.940972222,0.045138889,150,POR,OKC,1.4,1530,1204
2016-17,74,ESPN,12/14/2016,0.790972222,0.899305556,156,MIA,IND,0.9,996,809
2016-17,75,ESPN,12/14/2016,0.899305556,0.996527778,140,SAS,BOS,1.3,1394,1111
2016-17,76,TNT,12/15/2016,0.843055556,0.951388889,156,MIL,CHI,0.8,924,733
2016-17,77,TNT,12/15/2016,0.951388889,0.050694444,143,GSW,NYK,1.2,1431,1110
2016-17,78,ESPN,12/16/2016,0.834027778,0.945833333,161,PHI,LAL,1,1116,841
2016-17,79,ESPN,12/16/2016,0.945833333,0.051388889,152,UTA,DAL,0.9,1062,774
2016-17,80,NBA TV,12/17/2016,0.9375,0.04375,153,GSW,POR,0.52,331,272
2016-17,81,NBA TV,12/19/2016,0.833333333,0.943055556,158,MIN,PHX,0.22,166,115
2016-17,82,NBA TV,12/20/2016,0.833333333,0.935416667,147,HOU,SAS,0.66,462,350
2016-17,83,NBA TV,12/20/2016,0.935416667,0.0375,147,GSW,UTA,0.89,603,466
2016-17,84,NBA TV,12/21/2016,0.791666667,0.896527778,151,CLE,MIL,0.51,386,268
2016-17,85,NBA TV,12/21/2016,0.916666667,0.029166667,162,POR,DAL,0.49,358,258
2016-17,86,TNT,12/22/2016,0.842361111,0.952083333,158,MIA,LAL,0.6,772,576
2016-17,87,TNT,12/22/2016,0.952083333,0.061111111,157,LAC,SAS,0.8,977,755
2016-17,88,NBA TV,12/23/2016,0.8125,0.916666667,150,BOS,OKC,0.55,388,289
2016-17,89,NBA TV,12/23/2016,0.9375,0.043055556,152,LAC,DAL,0.49,342,260
2016-17,90,ESPN,12/25/2016,0.5,0.609722222,158,NYK,BOS,2.7,3689,2394
2016-17,91,ABC,12/25/2016,0.602777778,0.720833333,170,CLE,GSW,4.9,10143,5822
2016-17,92,ABC,12/25/2016,0.720833333,0.822222222,146,SAS,CHI,2.8,5465,3320
2016-17,93,ESPN,12/25/2016,0.832638889,0.940277778,155,OKC,MIN,1.1,1390,954
2016-17,94,ESPN,12/25/2016,0.940277778,0.046527778,153,LAL,LAC,1.3,1610,1125
2016-17,95,NBA TV,12/26/2016,0.833333333,0.938194444,151,CHI,IND,0.23,163,119
2016-17,96,NBA TV,12/26/2016,0.938194444,0.044444444,153,LAC,DEN,0.26,187,136
2016-17,97,NBA TV,12/27/2016,0.8125,0.917361111,151,MIA,OKC,0.61,445,319
2016-17,98,NBA TV,12/27/2016,0.9375,0.046527778,157,LAL,UTA,0.49,357,256
2016-17,99,NBA TV,12/28/2016,0.8125,0.910416667,141,DET,MIL,0.31,221,161
2016-17,100,NBA TV,12/28/2016,0.9375,0.043055556,152,GSW,TOR,0.89,616,465
2016-17,101,TNT,12/29/2016,0.843055556,0.950694444,155,CLE,BOS,1.3,1616,1164
2016-17,102,TNT,12/29/2016,0.950694444,0.048611111,141,LAL,DAL,1,1268,931
2016-17,103,NBA TV,12/30/2016,0.833333333,0.940277778,154,HOU,LAC,0.31,195,165
2016-17,104,NBA TV,12/31/2016,0.833333333,0.941666667,156,OKC,LAC,0.26,203,134
2016-17,105,NBA TV,1/2/2017,0.833333333,0.938888889,152,CHI,CHA,0.32,234,167
2016-17,106,NBA TV,1/3/2017,0.815277778,0.916666667,146,BOS,UTA,0.54,377,281
2016-17,107,NBA TV,1/3/2017,0.938194444,0.039583333,146,LAL,MEM,0.41,253,214
2016-17,108,ESPN,1/4/2017,0.834027778,0.940972222,154,CLE,CHI,1.7,2061,1499
2016-17,109,ESPN,1/4/2017,0.940972222,0.052083333,160,GSW,POR,1.8,2159,1603
2016-17,110,TNT,1/5/2017,0.833333333,0.94375,159,HOU,OKC,1.4,1782,1295
2016-17,111,TNT,1/5/2017,0.94375,0.050694444,154,POR,LAL,1.1,1385,1023
2016-17,112,ESPN,1/6/2017,0.834027778,0.944444444,159,MIL,NYK,1.4,1584,1210
2016-17,113,ESPN,1/6/2017,0.944444444,0.067361111,177,GSW,MEM,1.7,2029,1510
2016-17,114,NBA TV,1/8/2017,0.834027778,0.940277778,153,MEM,UTA,0.32,231,170
2016-17,115,NBA TV,1/10/2017,0.8125,0.920833333,156,TOR,BOS,0.42,329,219
2016-17,116,NBA TV,1/10/2017,0.938194444,0.040277778,147,GSW,MIA,0.76,507,396
2016-17,117,ESPN,1/11/2017,0.834027778,0.943055556,157,OKC,MEM,1.2,1346,1060
2016-17,118,ESPN,1/11/2017,0.943055556,0.040277778,140,POR,CLE,1.5,1650,1280
2016-17,119,NBA TV,1/12/2017,0.623611111,0.724305556,145,DEN,IND,0.12,67,64
2016-17,120,TNT,1/12/2017,0.843055556,0.941666667,142,NYK,CHI,1.2,1442,1097
2016-17,121,TNT,1/12/2017,0.941666667,0.047916667,153,GSW,DET,1.3,1550,1190
2016-17,122,ESPN,1/13/2017,0.834027778,0.940972222,154,ATL,BOS,1,1161,921
2016-17,123,ESPN,1/13/2017,0.940972222,0.0375,139,UTA,DET,0.9,1063,780
2016-17,124,NBA TV,1/14/2017,0.75,0.855555556,152,PHX,SAS,0.13,113,70
2016-17,125,ESPN,1/15/2017,0.875,0.98125,153,MEM,CHI,0.3,377,298
2016-17,126,NBA TV,1/16/2017,0.541666667,0.65625,165,NYK,ATL,0.28,159,145
2016-17,127,NBA TV,1/16/2017,0.711111111,0.804166667,134,DEN,ORL,0.24,157,128
2016-17,128,TNT,1/16/2017,0.834027778,0.943055556,157,GSW,CLE,3.3,4529,3039
2016-17,129,TNT,1/16/2017,0.943055556,0.042361111,143,LAC,OKC,1.4,1716,1263
2016-17,130,NBA TV,1/17/2017,0.813194444,0.918055556,151,MIA,HOU,0.52,340,272
2016-17,131,NBA TV,1/17/2017,0.940277778,0.041666667,146,LAL,DEN,0.51,334,266
2016-17,132,ESPN,1/18/2017,0.834027778,0.940277778,153,HOU,MIL,1.1,1298,983
2016-17,133,ESPN,1/18/2017,0.940277778,0.04375,149,GSW,OKC,2.2,2650,1934
2016-17,134,TNT,1/19/2017,0.833333333,0.931944444,142,NYK,WAS,1.2,1423,1054
2016-17,135,TNT,1/19/2017,0.931944444,0.046527778,165,LAC,MIN,1,1211,937
2016-17,136,ESPN,1/20/2017,0.834027778,0.940972222,154,HOU,GSW,1.7,2075,1537
2016-17,137,ESPN,1/20/2017,0.940972222,0.038888889,141,LAL,IND,1.2,1360,1042
2016-17,138,ABC,1/21/2017,0.853472222,0.971527778,170,CLE,SAS,2.2,3602,2575
2016-17,139,TNT,1/23/2017,0.842361111,0.951388889,157,IND,NYK,0.8,977,723
2016-17,140,NBA TV,1/24/2017,0.791666667,0.901388889,158,TOR,SAS,0.39,259,203
2016-17,141,ESPN,1/25/2017,0.833333333,0.940972222,155,CHA,GSW,1.6,1849,1386
2016-17,142,ESPN,1/25/2017,0.940972222,0.038888889,141,POR,LAL,1.2,1347,1013
2016-17,143,TNT,1/26/2017,0.833333333,0.939583333,153,OKC,DAL,1.1,1305,1002
2016-17,144,TNT,1/26/2017,0.939583333,0.043055556,149,UTA,LAL,0.9,1040,842
2016-17,145,ESPN,1/27/2017,0.834027778,0.947916667,164,PHI,HOU,1.3,1545,1142
2016-17,146,ABC,1/28/2017,0.853472222,0.958333333,151,GSW,LAC,2,3263,2347
2016-17,147,ABC,1/29/2017,0.644444444,0.75,152,CLE,OKC,2,3189,2403
2016-17,148,NBA TV,1/29/2017,0.75,0.839583333,129,NOP,WAS,0.33,234,174
2016-17,149,NBA TV,1/29/2017,0.875,0.983333333,156,POR,GSW,0.77,583,402
2016-17,150,TNT,1/30/2017,0.843055556,0.949305556,153,BOS,DET,1,1111,869
2016-17,151,TNT,1/30/2017,0.949305556,0.045138889,138,PHX,MEM,0.8,861,680
2016-17,152,NBA TV,1/31/2017,0.854166667,0.970138889,167,SAS,OKC,0.74,494,385
2016-17,153,ESPN,2/1/2017,0.790972222,0.890277778,143,CLE,MIN,1.4,1474,1191
2016-17,154,ESPN,2/1/2017,0.895833333,0.997916667,147,OKC,CHI,1.3,1458,1157
2016-17,155,TNT,2/2/2017,0.834722222,0.943055556,156,HOU,ATL,1.2,1475,1121
2016-17,156,TNT,2/2/2017,0.943055556,0.052777778,158,LAC,GSW,1.9,2357,1713
2016-17,157,ESPN,2/3/2017,0.834027778,0.940972222,154,BOS,LAL,1.3,1521,1118
2016-17,158,ESPN,2/3/2017,0.940972222,0.042361111,146,POR,DAL,1,1179,876
2016-17,159,ABC,2/4/2017,0.853472222,0.959027778,152,NYK,CLE,1.7,2821,2006
2016-17,160,ABC,2/5/2017,0.581944444,0.688194444,153,BOS,LAC,1.3,2079,1558
2016-17,161,TNT,2/6/2017,0.801388889,0.925694444,179,WAS,CLE,1.4,1730,1247
2016-17,162,TNT,2/6/2017,0.925694444,0.0125,125,MEM,SAS,1.1,1308,986
2016-17,163,NBA TV,2/7/2017,0.834027778,0.93125,140,HOU,ORL,0.41,266,213
2016-17,164,ESPN,2/8/2017,0.834027778,0.943055556,157,NYK,LAC,1.3,1541,1129
2016-17,165,ESPN,2/8/2017,0.943055556,0.040277778,140,GSW,CHI,1.6,1958,1413
2016-17,166,TNT,2/9/2017,0.842361111,0.946527778,150,OKC,CLE,1.8,2106,1597
2016-17,167,TNT,2/9/2017,0.946527778,0.053472222,154,POR,BOS,1.1,1314,1004
2016-17,168,ESPN,2/10/2017,0.834027778,0.9375,149,WAS,IND,1,1156,863
2016-17,169,ESPN,2/10/2017,0.9375,0.038194444,145,PHX,CHI,1,1163,849
2016-17,170,ABC,2/11/2017,0.852777778,0.971527778,171,OKC,GSW,3.4,6036,4000
2016-17,171,ABC,2/12/2017,0.644444444,0.752083333,155,NYK,SAS,1.9,2867,2231
2016-17,172,NBA TV,2/12/2017,0.75,0.852777778,148,TOR,DET,0.45,313,231
2016-17,173,NBA TV,2/12/2017,0.875,0.982638889,155,SAC,NOP,0.37,257,190
2016-17,174,TNT,2/13/2017,0.843055556,0.946527778,149,WAS,OKC,0.937425209,1095,849
2016-17,175,TNT,2/13/2017,0.946527778,0.069444444,177,POR,ATL,0.737770737,876,668
2016-17,176,NBA TV,2/14/2017,0.833333333,0.935416667,147,MIN,CLE,0.8,508,391
2016-17,177,NBA TV,2/14/2017,0.935416667,0.0375,147,LAL,SAC,0.5,326,249
2016-17,178,ESPN,2/15/2017,0.791666667,0.899305556,155,CLE,IND,1.2,1383,1093
2016-17,179,ESPN,2/15/2017,0.899305556,0.000694444,146,OKC,NYK,1.4,1555,1217
2016-17,180,TNT,2/16/2017,0.833333333,0.936111111,148,CHI,BOS,1.2,1449,1098
2016-17,181,TNT,2/23/2017,0.843055556,0.940277778,140,CLE,NYK,1.6,2052,1492
2016-17,182,TNT,2/23/2017,0.940277778,0.057638889,169,GSW,LAC,2.1,2597,1890
2016-17,183,ESPN,2/24/2017,0.834027778,0.947222222,163,TOR,BOS,1.1,1267,987
2016-17,184,ESPN,2/24/2017,0.947222222,0.050694444,149,LAC,SAS,1.3,1537,1163
2016-17,185,NBA TV,2/25/2017,0.709722222,0.801388889,132,SAC,CHA,0.18,139,95
2016-17,186,ABC,2/25/2017,0.853472222,0.953472222,144,CLE,CHI,1.5,2437,1828
2016-17,187,NBA TV,2/26/2017,0.645833333,0.75,150,MIL,PHX,0.44,278,228
2016-17,188,NBA TV,2/26/2017,0.791666667,0.902083333,159,OKC,NOP,0.81,579,420
2016-17,189,NBA TV,2/26/2017,0.902083333,0.021527778,172,LAC,CHA,0.63,435,325
2016-17,190,TNT,2/27/2017,0.801388889,0.905555556,150,CLE,MIL,0.9,1077,835
2016-17,191,TNT,2/27/2017,0.905555556,0.015277778,158,HOU,IND,1,1204,934
2016-17,192,NBA TV,2/28/2017,0.793055556,0.9,154,WAS,GSW,0.87,565,443
2016-17,193,NBA TV,2/28/2017,0.9375,0.0375,144,LAL,CHA,0.38,249,193
2016-17,194,ESPN,3/1/2017,0.833333333,0.942361111,157,BOS,CLE,1.9,2247,1679
2016-17,195,ESPN,3/1/2017,0.942361111,0.044444444,147,LAC,HOU,1.3,1556,1173
2016-17,196,TNT,3/2/2017,0.843055556,0.946527778,149,CHI,GSW,2.2,2698,1978
2016-17,197,TNT,3/2/2017,0.946527778,0.057638889,160,POR,OKC,1.5,1791,1356
2016-17,198,ESPN,3/3/2017,0.790972222,0.9,157,ATL,CLE,1,1183,890
2016-17,199,ESPN,3/3/2017,0.9,0.013888889,164,NOP,SAS,1.5,1814,1338
2016-17,200,ABC,3/4/2017,0.853472222,0.954861111,146,CHI,LAC,1.1,1673,1317
2016-17,201,ABC,3/5/2017,0.645138889,0.753472222,156,NYK,GSW,2.1,3276,2471
2016-17,202,NBA TV,3/5/2017,0.75,0.869444444,172,SAC,UTA,0.36,255,184
2016-17,203,ESPN,3/5/2017,0.854166667,0.958333333,150,DAL,OKC,1.39,1638,1211
2016-17,204,TNT,3/6/2017,0.843055556,0.945833333,148,CHA,IND,0.68,801,613
2016-17,205,TNT,3/6/2017,0.945833333,0.061805556,167,LAC,BOS,0.86,992,777
2016-17,206,NBA TV,3/7/2017,0.833333333,0.945138889,161,OKC,POR,0.66,415,334
2016-17,207,ESPN,3/8/2017,0.834027778,0.936111111,147,IND,DET,0.9,994,754
2016-17,208,ESPN,3/8/2017,0.936111111,0.040277778,150,GSW,BOS,1.7,2016,1518
2016-17,209,TNT,3/9/2017,0.84375,0.946527778,148,OKC,SAS,1.3,1641,1210
2016-17,210,TNT,3/9/2017,0.946527778,0.049305556,148,PHX,LAL,0.9,1053,784
2016-17,211,NBA TV,3/10/2017,0.833333333,0.94375,159,MIN,GSW,0.83,618,421
2016-17,212,NBA TV,3/10/2017,0.94375,0.053472222,158,SAC,WAS,0.36,239,183
2016-17,213,ABC,3/11/2017,0.853472222,0.954166667,145,SAS,GSW,1.5,2450,1786
2016-17,214,ABC,3/12/2017,0.645138889,0.736805556,132,BOS,CHI,1.1,1694,1288
2016-17,215,NBA TV,3/12/2017,0.75,0.8625,162,IND,MIA,0.4,289,202
2016-17,216,ESPN,3/12/2017,0.875,0.981944444,154,HOU,CLE,2,2335,1748
2016-17,217,TNT,3/13/2017,0.843055556,0.949305556,153,SAS,ATL,1,1209,896
2016-17,218,TNT,3/13/2017,0.949305556,0.047222222,141,DEN,LAL,0.8,996,702
2016-17,219,NBA TV,3/14/2017,0.793055556,0.89375,145,CLE,DET,0.46,317,233
2016-17,220,NBA TV,3/14/2017,0.9375,0.059027778,175,GSW,PHI,0.82,597,418
2016-17,221,ESPN,3/15/2017,0.834027778,0.941666667,155,SAS,POR,1.1,1253,936
2016-17,222,ESPN,3/15/2017,0.941666667,0.047222222,152,LAC,MIL,1.1,1203,925
2016-17,223,NBA TV,3/16/2017,0.791666667,0.89375,147,CLE,UTA,0.42,213,303
2016-17,224,NBA TV,3/17/2017,0.833333333,0.939583333,153,MIA,MIN,0.25,164,129
2016-17,225,ABC,3/18/2017,0.853472222,0.955555556,147,LAC,CLE,1,1647,1238
2016-17,226,NBA TV,3/19/2017,0.75,0.858333333,156,TOR,IND,0.19,133,98
2016-17,227,NBA TV,3/19/2017,0.897222222,0.998611111,146,LAL,CLE,0.4,279,204
2016-17,228,TNT,3/20/2017,0.843055556,0.947222222,150,OKC,GSW,2.1,2554,1881
2016-17,229,TNT,3/20/2017,0.947222222,0.048611111,146,LAC,NYK,1.1,1255,981
2016-17,230,ESPN,3/21/2017,0.791666667,0.922916667,189,TOR,CHI,1,1102,836
2016-17,231,ESPN,3/21/2017,0.922916667,0.008333333,123,MIN,SAS,1.1,1236,948
2016-17,232,ESPN,3/22/2017,0.834027778,0.946527778,162,WAS,ATL,0.9,1027,800
2016-17,233,ESPN,3/22/2017,0.946527778,0.042361111,138,UTA,NYK,0.8,903,713
2016-17,234,NBA TV,3/23/2017,0.813194444,0.920833333,155,MIA,TOR,0.3,200,153
2016-17,235,NBA TV,3/24/2017,0.840972222,0.951388889,163,MIL,ATL,0.21,144,105
2016-17,236,NBA TV,3/25/2017,0.814583333,0.916666667,147,SAS,NYK,0.49,323,247
2016-17,237,ABC,3/26/2017,0.645138889,0.752777778,155,HOU,OKC,0.9,1488,1107
2016-17,238,NBA TV,3/26/2017,0.895833333,0.990277778,136,LAL,POR,0.35,225,177
2016-17,239,TNT,3/27/2017,0.843055556,0.947222222,150,SAS,CLE,1.5,1799,1367
2016-17,240,TNT,3/27/2017,0.947222222,0.05,148,UTA,NOP,0.8,942,757
2016-17,241,NBA TV,3/28/2017,0.834722222,0.945138889,159,HOU,GSW,1.15,744,577
2016-17,242,NBA TV,3/28/2017,0.945138889,0.0375,133,LAL,WAS,0.51,333,254
2016-17,243,NBA TV,3/29/2017,0.792361111,0.919444444,183,ORL,OKC,0.4,233,200
2016-17,244,ESPN,3/29/2017,0.896527778,0.002777778,153,SAS,GSW,2.4,2911,2093
2016-17,245,TNT,3/30/2017,0.843055556,0.942361111,143,CHI,CLE,1.7,2007,1513
2016-17,246,TNT,3/30/2017,0.942361111,0.047916667,152,POR,HOU,1.2,1371,1100
2016-17,247,ESPN,3/31/2017,0.835416667,0.941666667,153,OKC,SAS,1.4,1609,1230
2016-17,248,ESPN,3/31/2017,0.941666667,0.040277778,142,GSW,HOU,1.8,2213,1601
2016-17,249,ABC,4/2/2017,0.540972222,0.645138889,150,NYK,BOS,1.2,1862,1470
2016-17,250,ABC,4/2/2017,0.645138889,0.75,151,SAS,UTA,1.6,2528,1860
2016-17,251,NBA TV,4/2/2017,0.75,0.881944444,190,MIA,DEN,0.35,233,176
2016-17,252,NBA TV,4/2/2017,0.881944444,0.976388889,136,PHX,HOU,0.49,305,246
2016-17,253,NBA TV,4/3/2017,0.792361111,0.895138889,148,MIN,POR,0.32,196,160
2016-17,254,ESPN,4/4/2017,0.834027778,0.940972222,154,OKC,MIL,1.2,1377,1033
2016-17,255,ESPN,4/4/2017,0.940972222,0.046527778,152,GSW,MIN,1.6,1836,1377
2016-17,256,ESPN,4/5/2017,0.834027778,0.940972222,154,BOS,CLE,1.9,2146,1612
2016-17,257,ESPN,4/5/2017,0.940972222,0.047916667,154,LAC,DAL,1.2,1282,1035
2016-17,258,TNT,4/6/2017,0.842361111,0.959027778,168,ATL,BOS,1.1,1304,1001
2016-17,259,TNT,4/6/2017,0.959027778,0.055555556,139,POR,MIN,0.9,1039,789
2016-17,260,NBA TV,4/7/2017,0.813194444,0.908333333,137,CLE,ATL,0.59,433,295
2016-17,261,NBA TV,4/7/2017,0.908333333,0.021527778,163,PHX,OKC,0.73,547,363
2016-17,262,NBA TV,4/8/2017,0.708333333,0.809027778,145,BRK,CHI,0.24,174,122
2016-17,263,ABC,4/8/2017,0.853472222,0.953472222,144,SAS,LAC,1.2,1932,1478
2016-17,264,NBA TV,4/9/2017,0.5,0.597916667,141,LAL,MIN,0.3,189,150
2016-17,265,NBA TV,4/9/2017,0.647222222,0.766666667,172,NYK,TOR,0.69,459,347
2016-17,266,NBA TV,4/9/2017,0.766666667,0.848611111,118,ATL,CLE,0.68,453,339
2016-17,267,NBA TV,4/9/2017,0.895138889,0.995833333,145,SAC,HOU,0.51,347,257
2016-17,268,TNT,4/10/2017,0.843055556,0.946527778,149,DET,WAS,0.7,862,656
2016-17,269,TNT,4/10/2017,0.946527778,0.05,149,LAC,HOU,0.9,1074,829
2016-17,270,NBA TV,4/11/2017,0.835416667,0.936111111,145,MIN,OKC,0.49,320,246
2016-17,271,ESPN,4/12/2017,0.834027778,0.940972222,154,IND,ATL,0.9,1049,811
2016-17,272,ESPN,4/12/2017,0.940972222,0.040277778,143,POR,NOP,0.8,874,667
2015-16,1,TNT,10/27/2015,0.833333333,0.935416667,147,CHI,CLE,2.6,3461,2417
2015-16,2,TNT,10/27/2015,0.935416667,0.065277778,187,GSW,NOP,1.9,2528,1791
2015-16,3,ESPN,10/28/2015,0.836805556,0.938888889,147,OKC,SAS,1.5,1818,1416
2015-16,4,ESPN,10/28/2015,0.938888889,0.054166667,166,LAL,MIN,2,2361,1839
2015-16,5,TNT,10/29/2015,0.843055556,0.946527778,149,NYK,ATL,0.9,1062,878
2015-16,6,TNT,10/29/2015,0.946527778,0.055555556,157,LAC,DAL,1.2,1401,878
2015-16,7,ESPN,10/30/2015,0.789583333,0.897222222,155,CLE,MIA,1.5,1800,1337
2015-16,8,ESPN,10/30/2015,0.897222222,0.002777778,152,HOU,GSW,1.5,1812,1413
2015-16,9,NBA TV,10/31/2015,0.8125,0.920833333,156,NOP,GSW,0.36,268,193
2015-16,10,NBA TV,10/31/2015,0.940972222,0.052083333,160,LAC,SAC,0.44,275,234
2015-16,11,NBA TV,11/1/2015,0.75,0.854861111,151,TOR,MIL,0.12,83,66
2015-16,12,NBA TV,11/2/2015,0.833333333,0.943055556,158,HOU,OKC,0.52,331,279
2015-16,13,NBA TV,11/2/2015,0.943055556,0.044444444,146,GSW,MEM,0.47,317,253
2015-16,14,NBA TV,11/3/2015,0.814583333,0.915972222,146,MIA,ATL,0.69,403,371
2015-16,15,NBA TV,11/3/2015,0.9375,0.045833333,156,LAL,DEN,0.68,412,363
2015-16,16,ESPN,11/4/2015,0.836805556,0.940277778,149,CLE,NYK,1.9,2296,1719
2015-16,17,ESPN,11/4/2015,0.940277778,0.058333333,170,GSW,LAC,2.3,2850,2155
2015-16,18,TNT,11/5/2015,0.843055556,0.940972222,141,CHI,OKC,1.3,1630,1241
2015-16,19,TNT,11/5/2015,0.940972222,0.049305556,156,POR,MEM,1,1149,920
2015-16,20,ESPN,11/6/2015,0.836805556,0.943055556,153,IND,MIA,1.2,1423,1125
2015-16,21,ESPN,11/6/2015,0.943055556,0.051388889,156,SAC,HOU,1.2,1341,1081
2015-16,22,NBA TV,11/7/2015,0.875,0.977083333,147,UTA,MEM,0.18,135,96
2015-16,23,NBA TV,11/9/2015,0.793055556,0.895833333,148,PHI,CHI,0.38,256,204
2015-16,24,NBA TV,11/10/2015,0.791666667,0.890277778,142,WAS,OKC,0.5,329,270
2015-16,25,ESPN,11/11/2015,0.836805556,0.95,163,DAL,LAC,1.5,1733,1355
2015-16,26,ESPN,11/11/2015,0.95,0.042361111,133,POR,SAS,1.5,1716,1344
2015-16,27,TNT,11/12/2015,0.843055556,0.95,154,MIN,GSW,1.2,1451,1082
2015-16,28,TNT,11/12/2015,0.95,0.054166667,150,PHX,LAC,0.9,1078,856
2015-16,29,NBA TV,11/13/2015,0.8125,0.922916667,159,NYK,CLE,0.79,532,424
2015-16,30,NBA TV,11/13/2015,0.922916667,0.029166667,153,SAC,BRK,0.6,398,322
2015-16,31,NBA TV,11/14/2015,0.875,0.988194444,163,PHX,DEN,0.24,145,127
2015-16,32,NBA TV,11/17/2015,0.791666667,0.895833333,150,WAS,MIL,0.29,175,157
2015-16,33,NBA TV,11/17/2015,0.9375,0.047916667,159,GSW,TOR,0.84,586,449
2015-16,34,ESPN,11/18/2015,0.836805556,0.940972222,150,OKC,NOP,1.2,1402,1103
2015-16,35,ESPN,11/18/2015,0.940972222,0.038888889,141,PHX,CHI,1.3,1507,1180
2015-16,36,TNT,11/19/2015,0.843055556,0.951388889,156,CLE,MIL,1.4,1622,1306
2015-16,37,TNT,11/19/2015,0.951388889,0.0625,160,LAC,GSW,2.4,2741,2201
2015-16,38,ESPN,11/20/2015,0.836805556,0.940972222,150,NOP,SAS,1.2,1393,1107
2015-16,39,ESPN,11/20/2015,0.940972222,0.040277778,143,GSW,CHI,2.3,2853,2134
2015-16,40,NBA TV,11/21/2015,0.8125,0.915972222,149,DET,WAS,0.23,175,124
2015-16,41,ESPN,11/22/2015,0.833333333,0.938888889,152,DEN,GSW,0.8,912,690
2015-16,42,NBA TV,11/23/2015,0.813194444,0.913888889,145,MIA,NYK,0.34,227,184
2015-16,43,TNT,11/24/2015,0.843055556,0.948611111,152,ATL,BOS,1.1,1266,1010
2015-16,44,TNT,11/24/2015,0.948611111,0.043055556,136,GSW,LAL,2.2,2717,2084
2015-16,45,NBA TV,11/25/2015,0.833333333,0.940277778,154,HOU,MEM,0.44,307,234
2015-16,46,NBA TV,11/27/2015,0.793055556,0.897916667,151,ORL,MIL,0.34,226,183
2015-16,47,NBA TV,11/27/2015,0.897916667,0,147,PHX,GSW,0.83,648,445
2015-16,48,NBA TV,11/28/2015,0.854166667,0.961111111,154,DAL,DEN,0.22,145,118
2015-16,49,NBA TV,11/29/2015,0.750694444,0.863194444,162,MEM,PHI,0.18,125,98
2015-16,50,NBA TV,11/30/2015,0.833333333,0.939583333,153,CHI,SAS,0.46,329,250
2015-16,51,NBA TV,12/1/2015,0.792361111,0.9,155,CLE,WAS,0.55,364,298
2015-16,52,NBA TV,12/1/2015,0.916666667,0.036111111,172,POR,DAL,0.44,282,238
2015-16,53,NBA TV,12/2/2015,0.833333333,0.945138889,161,HOU,NOP,0.41,254,222
2015-16,54,NBA TV,12/2/2015,0.945138889,0.057638889,162,LAC,IND,0.5,349,271
2015-16,55,TNT,12/3/2015,0.801388889,0.909722222,156,MIA,OKC,0.9,1041,875
2015-16,56,TNT,12/3/2015,0.909722222,0.011805556,147,MEM,SAS,0.7,841,668
2015-16,57,ESPN,12/4/2015,0.791666667,0.899305556,155,NYK,BRK,0.9,1108,854
2015-16,58,ESPN,12/4/2015,0.899305556,0.022222222,177,NOP,CLE,1.6,2145,1506
2015-16,59,NBA TV,12/5/2015,0.833333333,0.943055556,158,MIA,CLE,0.45,291,241
2015-16,60,NBA TV,12/7/2015,0.833333333,0.953472222,173,NOP,BOS,0.21,136,112
2015-16,61,NBA TV,12/8/2015,0.793055556,0.895138889,147,IND,GSW,1.18,823,635
2015-16,62,NBA TV,12/8/2015,0.916666667,0.020833333,150,SAC,UTA,0.49,342,262
2015-16,63,ESPN,12/9/2015,0.791666667,0.900694444,157,BOS,CHI,1.1,1226,980
2015-16,64,ESPN,12/9/2015,0.900694444,0.998611111,141,DAL,ATL,1.3,1357,1151
2015-16,65,TNT,12/10/2015,0.843055556,0.940277778,140,CHI,LAC,1,1166,953
2015-16,66,TNT,12/10/2015,0.940277778,0.052083333,161,SAC,NYK,1,1096,915
2015-16,67,ESPN,12/11/2015,0.791666667,0.9,156,IND,MIA,1,1112,894
2015-16,68,ESPN,12/11/2015,0.9,0.995833333,138,SAS,LAL,1.3,1447,1203
2015-16,69,NBA TV,12/12/2015,0.854166667,0.952777778,142,MIL,GSW,0.97,630,523
2015-16,70,NBA TV,12/14/2015,0.854166667,0.9625,156,DAL,PHX,0.19,122,101
2015-16,71,NBA TV,12/15/2015,0.8125,0.906944444,136,BOS,CLE,0.81,541,434
2015-16,72,NBA TV,12/15/2015,0.916666667,0.028472222,161,SAC,HOU,0.68,433,366
2015-16,73,ESPN,12/16/2015,0.833333333,0.942361111,157,CHI,MEM,1.1,1277,1025
2015-16,74,ESPN,12/16/2015,0.942361111,0.040972222,142,GSW,PHX,1.7,1969,1555
2015-16,75,TNT,12/17/2015,0.843055556,0.949305556,153,CLE,OKC,2,2416,1827
2015-16,76,TNT,12/17/2015,0.949305556,0.057638889,156,LAL,HOU,1.3,1533,1208
2015-16,77,ESPN,12/18/2015,0.836805556,0.95,163,SAS,LAC,1.5,1734,1339
2015-16,78,ESPN,12/18/2015,0.95,0.049305556,143,PHX,NOP,1,1132,929
2015-16,79,NBA TV,12/19/2015,0.791666667,0.886805556,137,WAS,CHA,0.19,122,101
2015-16,80,NBA TV,12/21/2015,0.8125,0.9125,144,BOS,MIN,0.25,166,133
2015-16,81,NBA TV,12/21/2015,0.939583333,0.040277778,145,LAC,OKC,0.44,306,239
2015-16,82,NBA TV,12/22/2015,0.813194444,0.919444444,153,TOR,DAL,0.39,236,210
2015-16,83,NBA TV,12/23/2015,0.791666667,0.893055556,146,ORL,HOU,0.35,234,191
2015-16,84,NBA TV,12/23/2015,0.940277778,0.033333333,134,LAL,OKC,0.41,276,223
2015-16,85,ESPN,12/25/2015,0.499305556,0.616666667,169,MIA,NOP,2.4,3169,2239
2015-16,86,ABC,12/25/2015,0.602083333,0.709027778,154,OKC,CHI,3.2,5852,3769
2015-16,87,ABC,12/25/2015,0.709027778,0.833333333,179,GSW,CLE,5.7,11166,6620
2015-16,88,ESPN,12/25/2015,0.833333333,0.940972222,155,HOU,SAS,2.6,3881,2341
2015-16,89,ESPN,12/25/2015,0.940972222,0.036805556,138,LAL,LAC,2.1,2887,1915
2015-16,90,NBA TV,12/26/2015,0.791666667,0.907638889,167,NOP,HOU,0.25,176,135
2015-16,91,NBA TV,12/27/2015,0.791666667,0.899305556,155,BOS,NYK,0.17,130,93
2015-16,92,NBA TV,12/28/2015,0.833333333,0.940277778,154,CHI,TOR,0.28,186,152
2015-16,93,NBA TV,12/29/2015,0.835416667,0.951388889,167,OKC,MIL,0.49,331,265
2015-16,94,NBA TV,12/30/2015,0.8125,0.921527778,157,BOS,LAL,0.45,294,242
2015-16,95,NBA TV,12/30/2015,0.921527778,0.017361111,138,POR,DEN,0.38,274,205
2015-16,96,NBA TV,1/2/2016,0.708333333,0.8125,150,SAC,PHX,0.25,177,134
2015-16,97,NBA TV,1/2/2016,0.855555556,0.957638889,147,SAS,HOU,0.52,413,280
2015-16,98,NBA TV,1/4/2016,0.8375,0.950694444,163,MIA,IND,0.57,390,307
2015-16,99,NBA TV,1/4/2016,0.950694444,0.024305556,106,POR,MEM,0.44,285,237
2015-16,100,NBA TV,1/5/2016,0.834027778,0.941666667,155,CHI,MIL,0.63,439,339
2015-16,101,NBA TV,1/5/2016,0.941666667,0.034722222,134,LAL,GSW,0.68,466,369
2015-16,102,ESPN,1/6/2016,0.790972222,0.899305556,156,MIA,NYK,1,1219,942
2015-16,103,ESPN,1/6/2016,0.899305556,0.004166667,151,OKC,MEM,1.2,1455,1099
2015-16,104,TNT,1/7/2016,0.833333333,0.940277778,154,CHI,BOS,1.1,1393,1020
2015-16,105,TNT,1/7/2016,0.940277778,0.047222222,154,SAC,LAL,1,1238,949
2015-16,106,ESPN,1/8/2016,0.836805556,0.940972222,150,MIN,CLE,1.5,1734,1331
2015-16,107,ESPN,1/8/2016,0.940972222,0.046527778,152,LAL,OKC,1.4,1642,1278
2015-16,108,NBA TV,1/10/2016,0.833333333,0.935416667,147,DEN,CHA,0.26,172,138
2015-16,109,NBA TV,1/12/2016,0.834027778,0.941666667,155,MIL,CHI,0.46,293,249
2015-16,110,NBA TV,1/12/2016,0.941666667,0.041666667,144,LAL,NOP,0.48,322,260
2015-16,111,ESPN,1/13/2016,0.836805556,0.940972222,150,BOS,IND,1.1,1197,982
2015-16,112,ESPN,1/13/2016,0.940972222,0.043055556,147,LAC,MIA,1,1221,957
2015-16,113,NBA TV,1/14/2016,0.625694444,0.745138889,172,ORL,TOR,0.12,77,67
2015-16,114,TNT,1/14/2016,0.842361111,0.950694444,156,SAS,CLE,2.4,2935,2218
2015-16,115,TNT,1/14/2016,0.950694444,0.050694444,144,GSW,LAL,1.9,2355,1781
2015-16,116,ESPN,1/15/2016,0.791666667,0.899305556,155,OKC,MIN,1.1,1230,972
2015-16,117,ESPN,1/15/2016,0.899305556,0.004861111,152,HOU,CLE,1.6,1914,1491
2015-16,118,ESPN,1/18/2016,0.604166667,0.718055556,164,MEM,NOP,0.7,754,663
2015-16,119,NBA TV,1/18/2016,0.711805556,0.8,127,ATL,ORL,0.23,139,123
2015-16,120,TNT,1/18/2016,0.833333333,0.940277778,154,CLE,GSW,2.8,3622,2633
2015-16,121,TNT,1/18/2016,0.940277778,0.065972222,181,LAC,HOU,1.3,1580,1224
2015-16,122,NBA TV,1/19/2016,0.834027778,0.938194444,150,NOP,MIN,0.35,241,190
2015-16,123,ESPN,1/20/2016,0.8375,0.934722222,140,CHI,GSW,1.7,2073,1597
2015-16,124,ESPN,1/20/2016,0.934722222,0.045833333,160,POR,ATL,1,1126,874
2015-16,125,TNT,1/21/2016,0.833333333,0.944444444,160,CLE,LAC,1.7,2034,1557
2015-16,126,TNT,1/21/2016,0.944444444,0.046527778,147,PHX,SAS,1.1,1382,1035
2015-16,127,ESPN,1/22/2016,0.836805556,0.940972222,150,TOR,MIA,1,1254,921
2015-16,128,ESPN,1/22/2016,0.940972222,0.044444444,149,GSW,IND,1.6,2007,1505
2015-16,129,ABC,1/23/2016,0.855555556,0.959722222,150,CLE,CHI,2.4,3916,2780
2015-16,130,NBA TV,1/25/2016,0.792361111,0.9,155,CLE,MIN,0.73,476,395
2015-16,131,NBA TV,1/25/2016,0.941666667,0.040972222,143,GSW,SAS,2.03,1442,1094
2015-16,132,NBA TV,1/26/2016,0.8125,0.934027778,175,NYK,OKC,0.71,462,380
2015-16,133,NBA TV,1/26/2016,0.938888889,0.042361111,149,LAL,DAL,0.43,278,230
2015-16,134,ESPN,1/27/2016,0.836805556,0.944444444,155,SAS,HOU,1.3,1560,1209
2015-16,135,ESPN,1/27/2016,0.944444444,0.039583333,137,GSW,DAL,1.7,2092,1577
2015-16,136,TNT,1/28/2016,0.833333333,0.939583333,153,TOR,NYK,0.8,1003,784
2015-16,137,TNT,1/28/2016,0.939583333,0.039583333,144,LAL,CHI,1,1152,890
2015-16,138,NBA TV,1/29/2016,0.834027778,0.94375,158,OKC,HOU,0.67,446,360
2015-16,139,NBA TV,1/29/2016,0.94375,0.036111111,133,LAC,LAL,0.62,433,332
2015-16,140,ABC,1/30/2016,0.85625,0.959027778,148,CLE,SAS,2.1,3316,2412
2015-16,141,ABC,1/31/2016,0.647916667,0.75,147,LAC,CHI,1.9,2886,2175
2015-16,142,NBA TV,1/31/2016,0.751388889,0.863888889,162,ORL,BOS,0.37,270,197
2015-16,143,NBA TV,1/31/2016,0.876388889,0.984027778,155,POR,MIN,0.35,268,189
2015-16,144,NBA TV,2/1/2016,0.791666667,0.909027778,169,IND,CLE,0.81,544,433
2015-16,145,NBA TV,2/1/2016,0.916666667,0.020138889,149,SAC,MIL,0.47,322,251
2015-16,146,NBA TV,2/2/2016,0.833333333,0.9375,150,HOU,MIA,0.5,333,267
2015-16,147,NBA TV,2/2/2016,0.9375,0.051388889,164,LAL,MIN,0.46,324,248
2015-16,148,ESPN,2/3/2016,0.836805556,0.941666667,151,WAS,GSW,1.9,2257,1719
2015-16,149,ESPN,2/3/2016,0.941666667,0.051388889,158,LAC,MIN,1.2,1424,1077
2015-16,150,TNT,2/4/2016,0.804861111,0.913194444,156,DET,NYK,0.9,987,793
2015-16,151,TNT,2/4/2016,0.913194444,0.0125,143,NOP,LAL,1,1179,888
2015-16,152,ESPN,2/5/2016,0.790972222,0.899305556,156,ATL,IND,0.8,882,726
2015-16,153,ESPN,2/5/2016,0.899305556,0.002083333,148,DAL,SAS,1.2,1382,1070
2015-16,154,ESPN,2/6/2016,0.884027778,0.986805556,148,GSW,OKC,2.5,3230,2312
2015-16,155,ABC,2/7/2016,0.585416667,0.690972222,152,MIA,LAC,1.3,1979,1529
2015-16,156,NBA TV,2/8/2016,0.833333333,0.959722222,182,ATL,ORL,0.29,179,153
2015-16,157,TNT,2/9/2016,0.843055556,0.95,154,MIA,SAS,1.1,1293,997
2015-16,158,TNT,2/9/2016,0.95,0.059027778,157,GSW,HOU,1.8,2249,1709
2015-16,159,ESPN,2/10/2016,0.836805556,0.940972222,150,CLE,LAL,1.6,1777,1421
2015-16,160,ESPN,2/10/2016,0.940972222,0.048611111,155,POR,HOU,1.1,1222,969
2015-16,161,TNT,2/11/2016,0.833333333,0.933333333,144,OKC,NOP,0.9,1119,864
2015-16,162,TNT,2/18/2016,0.843055556,0.945138889,147,CLE,CHI,1.6,1909,1463
2015-16,163,TNT,2/18/2016,0.945138889,0.046527778,146,LAC,SAS,1.4,1729,1323
2015-16,164,ESPN,2/19/2016,0.836805556,0.940972222,150,OKC,IND,1.2,1337,1056
2015-16,165,ESPN,2/19/2016,0.940972222,0.044444444,149,UTA,BOS,0.9,1079,817
2015-16,166,ABC,2/20/2016,0.85625,0.963194444,154,LAC,GSW,2.2,3472,2563
2015-16,167,ABC,2/21/2016,0.647222222,0.753472222,153,OKC,CLE,2.2,3536,2607
2015-16,168,ESPN,2/21/2016,0.832638889,0.940277778,155,CHI,LAL,1.3,1645,1196
2015-16,169,NBA TV,2/22/2016,0.834027778,0.936805556,148,ATL,GSW,0.89,586,474
2015-16,170,NBA TV,2/22/2016,0.936805556,0.039583333,148,LAC,PHX,0.49,322,261
2015-16,171,NBA TV,2/23/2016,0.791666667,0.89375,147,WAS,NOP,0.42,262,223
2015-16,172,NBA TV,2/23/2016,0.916666667,0.019444444,148,POR,BRK,0.35,226,185
2015-16,173,ESPN,2/24/2016,0.836805556,0.940972222,150,CHI,WAS,0.9,944,782
2015-16,174,ESPN,2/24/2016,0.940972222,0.035416667,136,SAC,SAS,1,1126,896
2015-16,175,TNT,2/25/2016,0.843055556,0.946527778,149,NOP,OKC,1.1,1333,989
2015-16,176,TNT,2/25/2016,0.946527778,0.057638889,160,POR,HOU,1,1124,895
2015-16,177,ESPN,2/26/2016,0.836805556,0.940972222,150,ATL,CHI,0.9,1074,861
2015-16,178,ESPN,2/26/2016,0.940972222,0.038888889,141,LAL,MEM,0.8,964,756
2015-16,179,ABC,2/27/2016,0.85625,0.979861111,141,OKC,GSW,3.2,5322,3756
2015-16,180,NBA TV,2/28/2016,0.792361111,0.894444444,147,DAL,MIN,0.37,243,195
2015-16,181,NBA TV,2/29/2016,0.791666667,0.903472222,161,CLE,IND,0.7,476,378
2015-16,182,NBA TV,2/29/2016,0.919444444,0.017361111,141,SAC,OKC,0.59,399,315
2015-16,183,NBA TV,3/1/2016,0.8125,0.915277778,148,MIA,CHI,0.59,381,315
2015-16,184,NBA TV,3/1/2016,0.9375,0.052083333,165,GSW,ATL,0.98,684,526
2015-16,185,ESPN,3/2/2016,0.836805556,0.93125,136,SAS,DET,1.2,1351,1074
2015-16,186,ESPN,3/2/2016,0.93125,0.040277778,157,LAC,OKC,1.3,1461,1176
2015-16,187,TNT,3/3/2016,0.84375,0.944444444,145,NOP,SAS,1.3,1611,1241
2015-16,188,TNT,3/3/2016,0.944444444,0.045138889,145,GSW,OKC,2.9,3614,2660
2015-16,189,ESPN,3/4/2016,0.836805556,0.940972222,150,CLE,WAS,1.3,1506,1171
2015-16,190,ESPN,3/4/2016,0.940972222,0.038888889,141,LAL,ATL,1,1145,882
2015-16,191,ABC,3/5/2016,0.855555556,0.970138889,165,CHI,HOU,1.2,1867,1358
2015-16,192,ABC,3/6/2016,0.647222222,0.753472222,153,LAL,GSW,2.4,3723,2747
2015-16,193,NBA TV,3/6/2016,0.75,0.85625,153,DET,POR,0.31,230,164
2015-16,194,NBA TV,3/7/2016,0.791666667,0.911805556,173,CLE,MEM,0.67,470,360
2015-16,195,NBA TV,3/8/2016,0.916666667,0.040277778,178,POR,WAS,0.44,280,235
2015-16,196,ESPN,3/9/2016,0.791666667,0.898611111,154,BOS,MEM,0.8,893,751
2015-16,197,ESPN,3/9/2016,0.898611111,0.002777778,150,OKC,LAC,1.3,1534,1180
2015-16,198,TNT,3/10/2016,0.843055556,0.944444444,146,SAS,CHI,1.2,1469,1112
2015-16,199,TNT,3/10/2016,0.944444444,0.047916667,149,LAL,CLE,1.4,1778,1331
2015-16,200,NBA TV,3/11/2016,0.833333333,0.927083333,135,CHI,MIA,0.45,319,243
2015-16,201,NBA TV,3/11/2016,0.943055556,0.044444444,146,LAC,NYK,0.38,249,203
2015-16,202,ABC,3/12/2016,0.85625,0.961805556,152,SAS,OKC,1.7,2568,1926
2015-16,203,ABC,3/13/2016,0.647916667,0.75,147,LAC,CLE,1.6,2543,1911
2015-16,204,NBA TV,3/13/2016,0.750694444,0.844444444,135,ATL,IND,0.27,201,143
2015-16,205,ESPN,3/14/2016,0.833333333,0.940972222,155,WAS,DET,0.8,893,732
2015-16,206,ESPN,3/14/2016,0.940972222,0.040972222,144,UTA,CLE,1.3,1424,1195
2015-16,207,NBA TV,3/15/2016,0.854166667,0.958333333,150,SAS,LAC,0.57,410,306
2015-16,208,ESPN,3/16/2016,0.791666667,0.899305556,155,BOS,OKC,0.9,989,822
2015-16,209,ESPN,3/16/2016,0.899305556,0.003472222,150,HOU,LAC,1.1,1221,971
2015-16,210,NBA TV,3/17/2016,0.854861111,0.958333333,149,SAS,POR,0.42,283,226
2015-16,211,NBA TV,3/18/2016,0.813194444,0.910416667,140,TOR,BOS,0.2,125,106
2015-16,212,ABC,3/19/2016,0.85625,0.959722222,149,SAS,GSW,3.1,5171,3555
2015-16,213,NBA TV,3/20/2016,0.814583333,0.908333333,135,NYK,SAC,0.22,145,116
2015-16,214,NBA TV,3/21/2016,0.791666667,0.890277778,142,CHA,SAS,0.39,270,209
2015-16,215,NBA TV,3/21/2016,0.915972222,0.020833333,151,PHX,MEM,0.41,286,222
2015-16,216,TNT,3/22/2016,0.843055556,0.946527778,149,OKC,HOU,1,1211,952
2015-16,217,TNT,3/22/2016,0.946527778,0.051388889,151,LAL,MEM,0.8,946,773
2015-16,218,ESPN,3/23/2016,0.836805556,0.940972222,150,CHI,NYK,1.2,1419,1111
2015-16,219,ESPN,3/23/2016,0.940972222,0.046527778,152,GSW,LAC,2.1,2538,1906
2015-16,220,NBA TV,3/24/2016,0.793055556,0.891666667,142,IND,NOP,0.14,93,77
2015-16,221,NBA TV,3/25/2016,0.813194444,0.923611111,159,DET,CHA,0.19,122,100
2015-16,222,NBA TV,3/26/2016,0.833333333,0.933333333,144,OKC,SAS,0.45,321,242
2015-16,223,NBA TV,3/28/2016,0.833333333,0.932638889,143,CHI,ATL,0.35,247,188
2015-16,224,NBA TV,3/28/2016,0.938888889,0.041666667,148,LAC,BOS,0.4,279,216
2015-16,225,TNT,3/29/2016,0.843055556,0.954861111,161,CLE,HOU,1.2,1373,1079
2015-16,226,TNT,3/29/2016,0.954861111,0.054861111,144,GSW,WAS,1.6,1848,1499
2015-16,227,NBA TV,3/30/2016,0.813888889,0.915277778,146,TOR,ATL,0.33,214,178
2015-16,228,NBA TV,3/30/2016,0.938194444,0.052083333,164,LAL,MIA,0.57,373,306
2015-16,229,TNT,3/31/2016,0.801388889,0.90625,151,HOU,CHI,0.9,1079,845
2015-16,230,TNT,3/31/2016,0.90625,0.007638889,146,OKC,LAC,1.4,1763,1309
2015-16,231,ESPN,4/1/2016,0.836111111,0.960416667,179,ATL,CLE,1.6,1868,1416
2015-16,232,ESPN,4/1/2016,0.960416667,0.047916667,126,GSW,BOS,2.3,2691,2039
2015-16,233,NBA TV,4/2/2016,0.833333333,0.943055556,158,CHI,DET,0.24,161,128
2015-16,234,ABC,4/3/2016,0.647916667,0.761805556,164,HOU,OKC,1.4,2110,1620
2015-16,235,NBA TV,4/3/2016,0.833333333,0.938194444,151,GSW,POR,1.14,818,608
2015-16,236,TNT,4/5/2016,0.843055556,0.944444444,146,MIA,DET,0.8,885,694
2015-16,237,TNT,4/5/2016,0.944444444,0.060416667,167,GSW,MIN,1.4,1607,1260
2015-16,238,ESPN,4/6/2016,0.790972222,0.899305556,156,IND,CLE,0.9,1039,816
2015-16,239,ESPN,4/6/2016,0.899305556,0.004861111,152,DAL,HOU,1.3,1457,1150
2015-16,240,TNT,4/7/2016,0.843055556,0.946527778,149,MIA,CHI,1.3,1562,1242
2015-16,241,TNT,4/7/2016,0.946527778,0.047222222,145,GSW,SAS,2.8,3437,2576
2015-16,242,NBA TV,4/8/2016,0.854861111,0.968055556,163,DAL,MEM,0.49,343,262
2015-16,243,ESPN,4/9/2016,0.832638889,0.940972222,156,MEM,GSW,1.8,2238,1627
2015-16,244,ABC,4/9/2016,0.85625,0.961805556,152,CHI,CLE,1.3,1950,1479
2015-16,245,NBA TV,4/10/2016,0.5,0.604861111,151,WAS,CHA,0.31,188,168
2015-16,246,NBA TV,4/10/2016,0.645833333,0.758333333,162,LAC,DAL,0.64,463,344
2015-16,247,NBA TV,4/10/2016,0.791666667,0.906944444,166,SAS,GSW,3.34,2561,1783
2015-16,248,NBA TV,4/11/2016,0.791666667,0.890972222,143,CLE,ATL,0.58,376,309
2015-16,249,NBA TV,4/11/2016,0.920138889,0.020833333,145,PHX,SAC,0.5,317,266
2015-16,250,TNT,4/12/2016,0.843055556,0.955555556,162,SAS,OKC,1.4,1707,1295
2015-16,251,TNT,4/12/2016,0.955555556,0.045138889,129,LAC,MEM,1.1,1374,1030
2015-16,252,ESPN,4/13/2016,0.836805556,0.943055556,153,BOS,MIA,1.5,1793,1394
2015-16,253,ESPN2,4/13/2016,0.933333333,0.050694444,169,LAL,UTA,2.7,3465,2402
2015-16,254,ESPN,4/13/2016,0.943055556,0.042361111,143,GSW,MEM,2.9,3649,2625
2014-15,1,TNT,10/28/2014,0.8375,0.947222222,158,SAS,DAL,1.8,2301,1718
2014-15,2,TNT,10/28/2014,0.947222222,0.068055556,174,LAL,HOU,1.9,2420,1850
2014-15,3,ESPN,10/29/2014,0.835416667,0.940277778,151,NYK,CHI,1.4,1686,1307
2014-15,4,ESPN,10/29/2014,0.940277778,0.044444444,150,POR,OKC,1.4,1713,1331
2014-15,5,TNT,10/30/2014,0.834722222,0.945833333,160,CLE,NYK,3.2,4024,3021
2014-15,6,TNT,10/30/2014,0.945833333,0.066666667,174,LAC,OKC,1.8,2100,1695
2014-15,7,ESPN,10/31/2014,0.836111111,0.954861111,171,CHI,CLE,3,3877,2832
2014-15,8,ESPN,10/31/2014,0.954861111,0.052083333,140,LAL,LAC,2.2,2884,2125
2014-15,9,NBA TV,11/1/2014,0.832638889,0.944444444,161,MIN,CHI,0.37,282,211
2014-15,10,NBA TV,11/1/2014,0.944444444,0.05,152,GSW,LAL,0.69,489,397
2014-15,11,NBA TV,11/2/2014,0.8125,0.922222222,158,NYK,CHA,0.29,225,166
2014-15,12,NBA TV,11/4/2014,0.8125,0.922916667,159,MIA,HOU,0.81,616,461
2014-15,13,NBA TV,11/4/2014,0.922916667,0.029166667,153,POR,CLE,1.1,836,629
2014-15,14,ESPN,11/5/2014,0.836805556,0.952777778,167,WAS,IND,1.1,1368,1048
2014-15,15,ESPN,11/5/2014,0.952777778,0.038194444,123,GSW,LAC,1.4,1651,1294
2014-15,16,TNT,11/6/2014,0.843055556,0.947222222,150,HOU,SAS,1.2,1497,1150
2014-15,17,TNT,11/6/2014,0.947222222,0.048611111,146,POR,DAL,1.1,1383,1080
2014-15,18,ESPN,11/7/2014,0.836805556,0.943055556,153,OKC,MEM,1.2,1456,1145
2014-15,19,ESPN,11/7/2014,0.943055556,0.04375,145,DEN,CLE,1.9,2382,1834
2014-15,20,NBA TV,11/8/2014,0.854166667,0.965277778,160,SAS,NOP,0.3,215,169
2014-15,21,NBA TV,11/9/2014,0.791666667,0.891666667,144,TOR,PHI,0.21,158,122
2014-15,22,NBA TV,11/10/2014,0.8125,0.925694444,163,NYK,ATL,0.25,170,141
2014-15,23,NBA TV,11/10/2014,0.9375,0.048611111,160,LAC,SAS,0.43,318,244
2014-15,24,NBA TV,11/11/2014,0.8125,0.918055556,152,TOR,ORL,0.4,289,227
2014-15,25,NBA TV,11/11/2014,0.939583333,0.036805556,140,GSW,SAS,0.64,466,364
2014-15,26,ESPN,11/12/2014,0.815277778,0.920138889,151,MIA,IND,1.4,1587,1327
2014-15,27,ESPN,11/12/2014,0.920138889,0.020833333,145,MIN,HOU,1.4,1622,1303
2014-15,28,TNT,11/13/2014,0.84375,0.95,153,TOR,CHI,1.2,1447,1145
2014-15,29,TNT,11/13/2014,0.95,0.049305556,143,GSW,BRK,1.1,1263,1024
2014-15,30,NBA TV,11/14/2014,0.793055556,0.893055556,144,IND,DEN,0.31,196,177
2014-15,31,ESPN,11/14/2014,0.935416667,0.020833333,123,LAL,SAS,1.2,1329,1111
2014-15,32,NBA TV,11/15/2014,0.916666667,0.03125,165,POR,BRK,0.19,144,107
2014-15,33,NBA TV,11/16/2014,0.791666667,0.909722222,170,OKC,HOU,0.34,249,194
2014-15,34,NBA TV,11/17/2014,0.792361111,0.888888889,139,CLE,DEN,0.42,302,241
2014-15,35,NBA TV,11/17/2014,0.9375,0.041666667,150,LAC,CHI,0.36,285,205
2014-15,36,NBA TV,11/18/2014,0.918055556,0.023611111,152,SAC,NOP,0.48,341,274
2014-15,37,ESPN,11/19/2014,0.791666667,0.900694444,157,CLE,SAS,2.1,2648,2033
2014-15,38,ESPN,11/19/2014,0.900694444,0.004861111,150,HOU,LAL,1.9,2270,1793
2014-15,39,TNT,11/20/2014,0.843055556,0.946527778,149,MIA,LAC,1,1217,955
2014-15,40,TNT,11/20/2014,0.946527778,0.052777778,153,SAC,CHI,0.9,1083,878
2014-15,41,ESPN,11/21/2014,0.836805556,0.940972222,150,WAS,CLE,1.5,1870,1439
2014-15,42,ESPN,11/21/2014,0.940972222,0.038194444,140,POR,CHI,1.2,1440,1127
2014-15,43,NBA TV,11/22/2014,0.833333333,0.949305556,167,HOU,DAL,0.45,360,255
2014-15,44,NBA TV,11/23/2014,0.751388889,0.855555556,150,MIA,CHA,0.17,127,97
2014-15,45,NBA TV,11/25/2014,0.815277778,0.920138889,151,MIA,GSW,0.58,406,329
2014-15,46,ESPN,11/26/2014,0.815972222,0.940277778,179,DAL,NYK,1,1253,956
2014-15,47,NBA TV,11/26/2014,0.938194444,0.040972222,148,LAL,MEM,0.39,292,221
2014-15,48,NBA TV,11/28/2014,0.833333333,0.934722222,146,HOU,LAC,0.48,363,274
2014-15,49,NBA TV,11/29/2014,0.792361111,0.8875,137,WAS,NOP,0.25,182,142
2014-15,50,NBA TV,12/2/2014,0.91875,0.027777778,157,SAC,TOR,0.33,240,188
2014-15,51,NBA TV,12/3/2014,0.791666667,0.888194444,139,CHA,CHI,0.34,235,196
2014-15,52,TNT,12/4/2014,0.84375,0.947222222,149,NYK,CLE,1.4,1817,1381
2014-15,53,TNT,12/4/2014,0.947222222,0.043055556,138,GSW,NOP,1.1,1299,1047
2014-15,54,NBA TV,12/5/2014,0.791666667,0.901388889,158,WAS,DEN,0.28,196,162
2014-15,55,NBA TV,12/5/2014,0.915277778,0.038194444,177,SAC,IND,0.33,252,189
2014-15,56,NBA TV,12/6/2014,0.833333333,0.940972222,155,CHI,GSW,0.36,275,208
2014-15,57,NBA TV,12/8/2014,0.811805556,0.930555556,171,TOR,DEN,0.24,194,138
2014-15,58,NBA TV,12/9/2014,0.834027778,0.933333333,143,MEM,DAL,0.47,356,268
2014-15,59,NBA TV,12/9/2014,0.933333333,0.045138889,161,LAL,SAC,0.44,332,253
2014-15,60,ESPN,12/10/2014,0.836111111,0.940972222,151,DAL,NOP,1.1,1368,1035
2014-15,61,ESPN,12/10/2014,0.940972222,0.041666667,145,DEN,MIA,0.9,1131,879
2014-15,62,TNT,12/11/2014,0.843055556,0.947222222,150,OKC,CLE,1.8,2307,1726
2014-15,63,TNT,12/11/2014,0.947222222,0.071527778,179,SAC,HOU,1.1,1298,1033
2014-15,64,ESPN,12/12/2014,0.791666667,0.9,156,CHI,POR,1,1206,990
2014-15,65,ESPN,12/12/2014,0.9,0.014583333,165,SAS,LAL,1.8,2170,1657
2014-15,66,NBA TV,12/15/2014,0.793055556,0.891666667,142,IND,LAL,0.23,155,130
2014-15,67,ESPN,12/16/2014,0.836805556,0.940972222,150,MEM,GSW,1.6,1872,1474
2014-15,68,ESPN,12/16/2014,0.940972222,0.04375,148,SAC,OKC,1.3,1529,1197
2014-15,69,ESPN,12/17/2014,0.836111111,0.940972222,151,TOR,BRK,0.9,1044,856
2014-15,70,ESPN,12/17/2014,0.940972222,0.063888889,177,DEN,HOU,1,1164,929
2014-15,71,TNT,12/18/2014,0.843055556,0.946527778,149,CHI,NYK,1.4,1748,1327
2014-15,72,TNT,12/18/2014,0.946527778,0.05,149,GSW,OKC,1.6,2029,1527
2014-15,73,ESPN,12/19/2014,0.835416667,0.971527778,196,SAS,POR,1.4,1599,1307
2014-15,74,ESPN,12/19/2014,0.971527778,0.042361111,102,LAL,OKC,1.6,1869,1515
2014-15,75,NBA TV,12/21/2014,0.75,0.858333333,156,BRK,DET,0.1,104,84
2014-15,76,NBA TV,12/23/2014,0.79375,0.894444444,145,CLE,MIN,0.5,357,282
2014-15,77,ESPN,12/25/2014,0.499305556,0.6,145,NYK,WAS,2.3,3042,2137
2014-15,78,ABC,12/25/2014,0.601388889,0.714583333,163,SAS,OKC,3.3,5885,3857
2014-15,79,ABC,12/25/2014,0.714583333,0.833333333,171,MIA,CLE,4.8,9328,5537
2014-15,80,TNT,12/25/2014,0.843055556,0.938888889,138,CHI,LAL,2.5,4040,2434
2014-15,81,TNT,12/25/2014,0.946527778,0.054861111,156,LAC,GSW,2.1,3076,1999
2014-15,82,NBA TV,12/26/2014,0.833333333,0.959027778,181,OKC,CHA,0.59,489,335
2014-15,83,NBA TV,12/27/2014,0.813888889,0.925,160,MIA,MEM,0.38,306,215
2014-15,84,NBA TV,12/27/2014,0.925,0.038888889,164,SAC,NYK,0.43,354,248
2014-15,85,NBA TV,12/29/2014,0.792361111,0.918055556,181,CHA,MIL,0.28,203,163
2014-15,86,NBA TV,12/30/2014,0.8125,0.916666667,150,ATL,CLE,0.46,346,263
2014-15,87,NBA TV,1/2/2015,0.813194444,0.913888889,145,BOS,DAL,0.45,356,258
2014-15,88,NBA TV,1/5/2015,0.835416667,0.934722222,143,NOP,WAS,0.38,268,219
2014-15,89,NBA TV,1/5/2015,0.934722222,0.041666667,154,GSW,OKC,0.64,425,369
2014-15,90,NBA TV,1/6/2015,0.835416667,0.936111111,145,MIL,PHX,0.42,288,238
2014-15,91,ESPN,1/7/2015,0.791666667,0.898611111,154,CLE,HOU,1.3,1413,1188
2014-15,92,ESPN,1/7/2015,0.898611111,0.001388889,148,MIN,PHX,0.9,1073,865
2014-15,93,TNT,1/8/2015,0.84375,0.948611111,151,NYK,HOU,1.2,1420,1114
2014-15,94,TNT,1/8/2015,0.948611111,0.046527778,141,POR,MIA,1.2,1391,1119
2014-15,95,ESPN,1/9/2015,0.836111111,0.940972222,151,WAS,CHI,1.3,1490,1203
2014-15,96,ESPN,1/9/2015,0.940972222,0.04375,148,GSW,CLE,1.5,1769,1459
2014-15,97,NBA TV,1/11/2015,0.876388889,0.970138889,135,SAC,CLE,0.31,212,178
2014-15,98,NBA TV,1/12/2015,0.813194444,0.915972222,148,BOS,NOP,0.19,155,110
2014-15,99,NBA TV,1/13/2015,0.791666667,0.889583333,141,WAS,SAS,0.42,325,238
2014-15,100,ESPN,1/14/2015,0.836111111,0.938888889,148,CHI,WAS,1.2,1342,1125
2014-15,101,ESPN,1/14/2015,0.938888889,0.045138889,153,POR,LAC,1.2,1443,1163
2014-15,102,NBA TV,1/15/2015,0.620833333,0.729861111,157,MIL,NYK,0.14,93,79
2014-15,103,TNT,1/15/2015,0.843055556,0.950694444,155,HOU,OKC,1.5,1738,1386
2014-15,104,TNT,1/15/2015,0.950694444,0.056944444,153,LAL,CLE,1.7,2022,1663
2014-15,105,ESPN,1/16/2015,0.836805556,0.940972222,150,OKC,GSW,1.4,1676,1337
2014-15,106,ESPN,1/16/2015,0.940972222,0.057638889,168,LAC,CLE,1.7,1952,1609
2014-15,107,NBA TV,1/17/2015,0.833333333,0.9375,150,HOU,GSW,0.43,298,246
2014-15,108,ESPN,1/19/2015,0.604166667,0.704861111,145,ATL,DET,0.7,830,705
2014-15,109,NBA TV,1/19/2015,0.708333333,0.817361111,157,MEM,DAL,0.29,199,163
2014-15,110,TNT,1/19/2015,0.8125,0.915972222,149,CLE,CHI,1.4,1784,1380
2014-15,111,TNT,1/19/2015,0.915972222,0.026388889,159,PHX,LAL,1,1205,968
2014-15,112,NBA TV,1/20/2015,0.815972222,0.916666667,145,MIA,OKC,0.57,388,326
2014-15,113,ESPN,1/21/2015,0.836111111,0.957638889,175,WAS,OKC,1.3,1524,1245
2014-15,114,ESPN,1/21/2015,0.957638889,0.046527778,128,GSW,HOU,1.5,1592,1383
2014-15,115,TNT,1/22/2015,0.833333333,0.934722222,146,CHI,SAS,1.5,1853,1460
2014-15,116,TNT,1/22/2015,0.94375,0.04375,144,LAC,BRK,0.9,1103,897
2014-15,117,ESPN,1/23/2015,0.833333333,0.935416667,147,DAL,CHI,1.1,1215,1021
2014-15,118,NBA TV,1/24/2015,0.8125,0.916666667,150,CHA,NYK,0.29,194,164
2014-15,119,NBA TV,1/24/2015,0.916666667,0.021527778,151,POR,WAS,0.42,276,237
2014-15,120,ABC,1/25/2015,0.538194444,0.64375,152,CHI,MIA,1.8,2587,2093
2014-15,121,ABC,1/25/2015,0.64375,0.754166667,159,CLE,OKC,2.8,4199,3235
2014-15,122,NBA TV,1/25/2015,0.834027778,0.949305556,166,DEN,WAS,0.25,164,144
2014-15,123,NBA TV,1/26/2015,0.834027778,0.941666667,155,OKC,MIN,0.41,291,237
2014-15,124,NBA TV,1/27/2015,0.8125,0.916666667,150,DET,CLE,0.55,385,314
2014-15,125,NBA TV,1/27/2015,0.938194444,0.050694444,162,GSW,CHI,0.65,440,370
2014-15,126,ESPN,1/28/2015,0.836111111,0.9375,146,ATL,BRK,1,1145,955
2014-15,127,ESPN,1/28/2015,0.9375,0.04375,153,PHX,WAS,1,1142,930
2014-15,128,TNT,1/29/2015,0.833333333,0.939583333,153,MEM,DEN,0.6,733,605
2014-15,129,TNT,1/29/2015,0.939583333,0.063194444,178,LAL,CHI,1,1238,963
2014-15,130,ESPN,1/30/2015,0.836111111,0.940972222,151,MIA,DAL,1.1,1200,1016
2014-15,131,ESPN,1/30/2015,0.940972222,0.044444444,149,PHX,CHI,1.1,1287,1062
2014-15,132,ESPN,1/31/2015,0.875,0.984722222,158,SAS,LAC,1.3,1685,1257
2014-15,133,NBA TV,2/2/2015,0.834722222,0.938194444,149,NOP,ATL,0.4,268,231
2014-15,134,NBA TV,2/3/2015,0.814583333,0.90625,132,DET,MIA,0.34,235,192
2014-15,135,NBA TV,2/3/2015,0.916666667,0.020833333,150,POR,UTA,0.39,258,222
2014-15,136,ESPN,2/4/2015,0.836111111,0.940972222,151,HOU,CHI,1,1115,918
2014-15,137,ESPN,2/4/2015,0.940972222,0.046527778,152,GSW,DAL,1.3,1425,1205
2014-15,138,TNT,2/5/2015,0.833333333,0.944444444,160,CLE,LAC,1.6,1821,1529
2014-15,139,TNT,2/5/2015,0.944444444,0.045138889,145,POR,PHX,1.1,1228,1027
2014-15,140,ESPN,2/6/2015,0.791666667,0.902777778,160,TOR,LAC,0.8,984,788
2014-15,141,ESPN,2/6/2015,0.902777778,0.997916667,137,SAS,MIA,1.1,1233,1043
2014-15,142,NBA TV,2/7/2015,0.791666667,0.882638889,131,NOP,CHI,0.28,186,162
2014-15,143,ABC,2/8/2015,0.538888889,0.649305556,159,OKC,LAC,1.6,2450,1916
2014-15,144,ABC,2/8/2015,0.649305556,0.75,145,CLE,LAL,2.2,3402,2521
2014-15,145,NBA TV,2/8/2015,0.791666667,0.897916667,146,TOR,SAS,0.24,227,143
2014-15,146,NBA TV,2/9/2015,0.854166667,0.961111111,154,DAL,LAC,0.38,255,219
2014-15,147,TNT,2/10/2015,0.843055556,0.95,154,PHX,HOU,0.7,893,709
2014-15,148,TNT,2/10/2015,0.95,0.056944444,154,LAL,DEN,0.6,727,617
2014-15,149,ESPN,2/11/2015,0.836805556,0.938888889,147,CLE,MIA,1.4,1596,1335
2014-15,150,ESPN,2/11/2015,0.938888889,0.053472222,165,LAC,HOU,1.2,1424,1145
2014-15,151,TNT,2/12/2015,0.833333333,0.939583333,153,CHI,CLE,1.7,2097,1653
2014-15,152,TNT,2/19/2015,0.84375,0.95,153,OKC,DAL,1.4,1759,1317
2014-15,153,TNT,2/19/2015,0.95,0.071527778,175,LAC,SAS,1.3,1503,1262
2014-15,154,ESPN,2/20/2015,0.836111111,0.940277778,150,WAS,CLE,1.4,1643,1294
2014-15,155,ESPN,2/20/2015,0.940277778,0.040277778,144,GSW,SAS,1.6,1850,1485
2014-15,156,NBA TV,2/21/2015,0.833333333,0.928472222,137,CHI,PHX,0.47,386,270
2014-15,157,NBA TV,2/22/2015,0.792361111,0.893055556,145,OKC,DEN,0.49,338,282
2014-15,158,NBA TV,2/22/2015,0.893055556,0.019444444,182,LAL,BOS,0.48,341,275
2014-15,159,NBA TV,2/23/2015,0.836111111,0.938194444,147,NOP,TOR,0.28,228,161
2014-15,160,NBA TV,2/23/2015,0.938194444,0.044444444,153,LAC,MEM,0.44,338,250
2014-15,161,NBA TV,2/24/2015,0.833333333,0.927083333,135,OKC,IND,0.47,310,269
2014-15,162,ESPN,2/25/2015,0.836111111,0.943055556,154,HOU,LAC,1.1,1300,1061
2014-15,163,ESPN,2/25/2015,0.943055556,0.035416667,133,POR,SAS,1.1,1243,1050
2014-15,164,TNT,2/26/2015,0.843055556,0.948611111,152,CLE,GSW,2.1,2644,1955
2014-15,165,TNT,2/26/2015,0.948611111,0.071527778,177,PHX,OKC,1.3,1548,1262
2014-15,166,ESPN,2/27/2015,0.836805556,0.940972222,150,NOP,MIA,1,1150,952
2014-15,167,ESPN,2/27/2015,0.940972222,0.047222222,153,POR,OKC,1.4,1682,1326
2014-15,168,NBA TV,2/28/2015,0.875,0.979166667,150,PHX,SAS,0.34,229,192
2014-15,169,ABC,3/1/2015,0.538888889,0.646527778,155,CHI,LAC,1.7,2514,1981
2014-15,170,ABC,3/1/2015,0.646527778,0.777777778,189,HOU,CLE,2.8,4323,3265
2014-15,171,ESPN,3/1/2015,0.770833333,0.875,150,LAL,OKC,1.1,1246,1031
2014-15,172,NBA TV,3/2/2015,0.813194444,0.94375,188,MIA,PHX,0.38,261,219
2014-15,173,NBA TV,3/3/2015,0.814583333,0.911805556,140,ATL,HOU,0.39,261,224
2014-15,174,ESPN,3/4/2015,0.836805556,0.940972222,150,MIA,LAL,1,1127,978
2014-15,175,ESPN,3/4/2015,0.940972222,0.063888889,177,LAC,POR,1.2,1328,1091
2014-15,176,TNT,3/5/2015,0.843055556,0.946527778,149,CHI,OKC,1.7,2064,1617
2014-15,177,TNT,3/5/2015,0.946527778,0.04375,140,POR,DAL,1.3,1512,1252
2014-15,178,ESPN,3/6/2015,0.836805556,0.955555556,171,BRK,PHX,0.7,837,686
2014-15,179,ESPN,3/6/2015,0.955555556,0.045833333,130,GSW,DAL,1.1,1280,1022
2014-15,180,NBA TV,3/7/2015,0.8125,0.909027778,139,CLE,PHX,0.38,265,220
2014-15,181,ABC,3/8/2015,0.538194444,0.645138889,154,SAS,CHI,1.5,2264,1737
2014-15,182,ABC,3/8/2015,0.645138889,0.75,151,GSW,LAC,1.8,2847,2134
2014-15,183,NBA TV,3/8/2015,0.791666667,0.892361111,145,OKC,TOR,0.59,439,340
2014-15,184,NBA TV,3/8/2015,0.892361111,0.998611111,153,LAL,DAL,0.55,359,314
2014-15,185,NBA TV,3/9/2015,0.833333333,0.9375,150,CHI,MEM,0.37,252,209
2014-15,186,NBA TV,3/10/2015,0.854166667,0.961805556,155,DAL,CLE,0.72,480,409
2014-15,187,ESPN,3/11/2015,0.836111111,0.952777778,168,OKC,LAC,1.2,1281,1139
2014-15,188,ESPN,3/11/2015,0.952777778,0.045833333,134,POR,HOU,1.2,1364,1115
2014-15,189,TNT,3/12/2015,0.801388889,0.911111111,158,WAS,MEM,0.6,725,613
2014-15,190,TNT,3/12/2015,0.911111111,0.0375,182,SAS,CLE,1.8,2140,1725
2014-15,191,NBA TV,3/13/2015,0.854166667,0.952777778,142,DAL,LAC,0.3,191,169
2014-15,192,NBA TV,3/14/2015,0.791666667,0.899305556,155,IND,BOS,0.26,180,146
2014-15,193,ABC,3/15/2015,0.538194444,0.648611111,159,OKC,CHI,1.6,2274,1822
2014-15,194,ABC,3/15/2015,0.648611111,0.770833333,176,LAC,HOU,1.8,2704,2089
2014-15,195,NBA TV,3/15/2015,0.750694444,0.863194444,162,ORL,CLE,0.43,330,246
2014-15,196,ESPN,3/16/2015,0.833333333,0.938888889,152,MIA,CLE,1.6,1890,1476
2014-15,197,ESPN,3/16/2015,0.938888889,0.042361111,149,GSW,LAL,1.4,1599,1291
2014-15,198,NBA TV,3/17/2015,0.833333333,0.935416667,147,NOP,MIL,0.34,234,192
2014-15,199,ESPN,3/18/2015,0.836111111,0.945833333,158,DAL,ORL,0.8,847,728
2014-15,200,ESPN,3/18/2015,0.945833333,0.044444444,142,GSW,ATL,1.4,1581,1284
2014-15,201,NBA TV,3/23/2015,0.791666667,0.904166667,162,IND,HOU,0.3,200,173
2014-15,202,NBA TV,3/23/2015,0.938194444,0.038888889,145,GSW,WAS,0.51,346,289
2014-15,203,TNT,3/24/2015,0.842361111,0.946527778,150,DAL,SAS,0.9,1164,890
2014-15,204,TNT,3/24/2015,0.946527778,0.045833333,143,POR,GSW,1.1,1351,1034
2014-15,205,ESPN,3/25/2015,0.791666667,0.899305556,155,TOR,CHI,0.9,953,822
2014-15,206,ESPN,3/25/2015,0.899305556,0.990277778,131,SAS,OKC,1.3,1530,1220
2014-15,207,NBA TV,3/27/2015,0.916666667,0.015277778,142,PHX,POR,0.19,141,111
2014-15,208,ABC,3/29/2015,0.518055556,0.628472222,159,WAS,HOU,1,1343,1191
2014-15,209,NBA TV,3/29/2015,0.875,0.980555556,152,PHX,OKC,0.38,291,220
2014-15,210,NBA TV,3/30/2015,0.814583333,0.921527778,154,TOR,HOU,0.39,227,222
2014-15,211,NBA TV,3/30/2015,0.921527778,0.009027778,126,POR,PHX,0.32,222,183
2014-15,212,TNT,3/31/2015,0.843055556,0.949305556,153,MIA,SAS,1.1,1349,1079
2014-15,213,TNT,3/31/2015,0.949305556,0.065972222,168,LAC,GSW,1.4,1620,1351
2014-15,214,NBA TV,4/1/2015,0.813888889,0.909722222,138,BOS,IND,0.29,191,165
2014-15,215,NBA TV,4/1/2015,0.909722222,0.029861111,173,POR,LAC,0.58,384,329
2014-15,216,TNT,4/2/2015,0.843055556,0.950694444,155,CLE,MIA,1.6,1994,1513
2014-15,217,TNT,4/2/2015,0.950694444,0.058333333,155,GSW,PHX,1.1,1272,1029
2014-15,218,ESPN,4/3/2015,0.836111111,0.943055556,154,MEM,OKC,1.1,1377,1067
2014-15,219,ESPN,4/3/2015,0.943055556,0.030555556,126,LAL,POR,1.1,1342,1024
2014-15,220,ABC,4/5/2015,0.538194444,0.659027778,174,OKC,HOU,1.9,2848,2237
2014-15,221,ABC,4/5/2015,0.659027778,0.757638889,142,CLE,CHI,2.8,4299,3208
2014-15,222,NBA TV,4/5/2015,0.791666667,0.883333333,132,SAS,GSW,0.59,425,338
2014-15,223,NBA TV,4/5/2015,0.890972222,0.995138889,150,LAL,LAC,0.41,295,232
2014-15,224,TNT,4/7/2015,0.843055556,0.942361111,143,OKC,SAS,0.9,1217,865
2014-15,225,TNT,4/7/2015,0.942361111,0.059027778,168,LAC,LAL,0.8,958,757
2014-15,226,ESPN,4/8/2015,0.791666667,0.899305556,155,DET,BOS,0.6,740,566
2014-15,227,ESPN,4/8/2015,0.899305556,0.005555556,153,DAL,PHX,0.9,1050,815
2014-15,228,TNT,4/9/2015,0.843055556,0.947222222,150,MIA,CHI,1.3,1684,1277
2014-15,229,TNT,4/9/2015,0.947222222,0.04375,139,GSW,POR,1.5,1870,1459
2014-15,230,NBA TV,4/10/2015,0.833333333,0.944444444,160,HOU,SAS,0.66,466,377
2014-15,231,NBA TV,4/10/2015,0.944444444,0.0375,134,LAL,MIN,0.32,224,179
2014-15,232,NBA TV,4/11/2015,0.813194444,0.924305556,160,MIA,TOR,0.26,197,148
2014-15,233,NBA TV,4/11/2015,0.924305556,0.027777778,149,LAC,MEM,0.43,308,243
2014-15,234,NBA TV,4/12/2015,0.750694444,0.858333333,155,WAS,ATL,0.3,197,172
2014-15,235,NBA TV,4/12/2015,0.898611111,0.002777778,150,LAL,DAL,0.3,205,173
2014-15,236,NBA TV,4/13/2015,0.835416667,0.939583333,150,OKC,POR,0.46,311,259
2014-15,237,NBA TV,4/13/2015,0.939583333,0.046527778,154,GSW,MEM,0.6,397,340
2014-15,238,TNT,4/14/2015,0.843055556,0.970833333,184,IND,WAS,1.1,1288,1041
2014-15,239,TNT,4/14/2015,0.970833333,0.047222222,110,PHX,LAC,0.9,1082,866
2014-15,240,ESPN,4/15/2015,0.791666667,0.899305556,155,TOR,CHA,0.6,717,564
2014-15,241,ESPN,4/15/2015,0.899305556,0,145,MEM,IND,1.2,1281,1086
2014-15,1,TNT,10/29/2013,0.839583333,0.948611111,157,MIA,CHI,4,5373,3874
2014-15,2,TNT,10/29/2013,0.948611111,0.056944444,156,LAL,LAC,2.8,3571,2731
2014-15,3,NBA TV,10/30/2013,0.796527778,0.906944444,159,CLE,BRK,0.55,408,323
2014-15,4,NBA TV,10/30/2013,0.939583333,0.046527778,154,GSW,LAL,0.76,595,447
2014-15,5,TNT,10/31/2013,0.844444444,0.953472222,157,CHI,NYK,2.1,2643,2045
2014-15,6,TNT,10/31/2013,0.953472222,0.074305556,174,LAC,GSW,1.7,2158,1617
2014-15,7,ESPN,11/1/2013,0.836111111,0.963194444,183,BRK,MIA,1.9,2453,1890
2014-15,8,ESPN,11/1/2013,0.963194444,0.052083333,128,LAL,SAS,1.7,2176,1689
2014-15,9,NBA TV,11/2/2013,0.813194444,0.913194444,144,PHI,CHI,0.5,387,293
2014-15,10,NBA TV,11/3/2013,0.791666667,0.901388889,158,OKC,PHX,0.38,348,224
2014-15,11,NBA TV,11/4/2013,0.9375,0.051388889,164,LAC,HOU,0.46,322,270
2014-15,12,NBA TV,11/5/2013,0.854861111,0.951388889,139,DAL,LAL,0.47,316,276
2014-15,13,ESPN,11/6/2013,0.791666667,0.901388889,158,IND,CHI,1.7,1956,1614
2014-15,14,ESPN,11/6/2013,0.901388889,0.004861111,149,OKC,DAL,1.7,2146,1666
2014-15,15,TNT,11/7/2013,0.802777778,0.913194444,159,MIA,LAC,1.8,2404,1793
2014-15,16,TNT,11/7/2013,0.913194444,0.027083333,164,HOU,LAL,1.8,2322,1731
2014-15,17,NBA TV,11/8/2013,0.791666667,0.902777778,160,CHA,NYK,0.32,247,191
2014-15,18,NBA TV,11/8/2013,0.916666667,0.014583333,141,POR,SAC,0.4,294,238
2014-15,19,NBA TV,11/9/2013,0.8125,0.916666667,150,BRK,IND,0.5,347,296
2014-15,20,NBA TV,11/11/2013,0.875,0.984027778,157,UTA,DEN,0.45,337,265
2014-15,21,NBA TV,11/12/2013,0.9375,0.039583333,147,GSW,DET,0.34,262,201
2014-15,22,ESPN,11/13/2013,0.836805556,0.938194444,146,ATL,NYK,1.3,1597,1292
2014-15,23,ESPN,11/13/2013,0.938194444,0.059027778,174,LAC,OKC,1.5,1746,1503
2014-15,24,TNT,11/14/2013,0.844444444,0.960416667,167,NYK,HOU,1.6,2046,1590
2014-15,25,TNT,11/14/2013,0.960416667,0.0625,147,GSW,OKC,1.6,1821,1552
2014-15,26,ESPN,11/15/2013,0.836111111,0.94375,155,DEN,MIN,1.1,1282,1089
2014-15,27,ESPN,11/15/2013,0.94375,0.047916667,150,SAC,DET,1.1,1351,1072
2014-15,28,NBA TV,11/16/2013,0.938194444,0.05,161,LAC,BRK,0.3,222,177
2014-15,29,NBA TV,11/19/2013,0.814583333,0.915277778,145,MIA,ATL,0.59,474,348
2014-15,30,ESPN,11/20/2013,0.791666667,0.918055556,182,NYK,IND,1.5,1802,1450
2014-15,31,ESPN,11/20/2013,0.918055556,0.015277778,140,DAL,HOU,1.7,2069,1689
2014-15,32,TNT,11/21/2013,0.844444444,0.947916667,149,OKC,LAC,1.5,1896,1463
2014-15,33,TNT,11/21/2013,0.95,0.052777778,148,DEN,CHI,1.2,1474,1189
2014-15,34,ESPN,11/22/2013,0.836111111,0.943055556,154,MEM,SAS,1.1,1395,1080
2014-15,35,ESPN,11/22/2013,0.943055556,0.045138889,147,LAL,GSW,1.4,1670,1367
2014-15,36,NBA TV,11/23/2013,0.833333333,0.926388889,134,HOU,MIN,0.38,282,224
2014-15,37,NBA TV,11/24/2013,0.752777778,0.842361111,129,ORL,PHX,0.16,112,93
2014-15,38,NBA TV,11/25/2013,0.875,0.997222222,176,UTA,CHI,0.2,155,118
2014-15,39,NBA TV,11/26/2013,0.792361111,0.8875,137,WAS,LAL,0.51,385,304
2014-15,40,ESPN,11/27/2013,0.815277778,0.925,158,CLE,MIA,1.5,1856,1464
2014-15,41,NBA TV,11/27/2013,0.9375,0.040277778,148,LAC,NYK,0.4,316,240
2014-15,42,NBA TV,11/29/2013,0.834027778,0.95625,176,OKC,GSW,0.55,407,328
2014-15,43,NBA TV,11/30/2013,0.833333333,0.928472222,137,MEM,BRK,0.21,155,124
2014-15,44,NBA TV,12/2/2013,0.791666667,0.898611111,154,WAS,ORL,0.18,121,108
2014-15,45,NBA TV,12/3/2013,0.815277778,0.918055556,148,MIA,DET,0.74,526,438
2014-15,46,TNT,12/5/2013,0.802777778,0.909027778,153,BRK,NYK,1.2,1492,1176
2014-15,47,TNT,12/5/2013,0.909027778,0.015277778,153,CHI,MIA,1.6,2091,1525
2014-15,48,ESPN,12/6/2013,0.8125,0.915972222,149,BOS,DEN,0.9,1061,861
2014-15,49,NBA TV,12/7/2013,0.8125,0.923611111,160,CLE,LAC,0.23,169,134
2014-15,50,NBA TV,12/7/2013,0.923611111,0.023611111,144,POR,DAL,0.31,223,182
2014-15,51,NBA TV,12/8/2013,0.895833333,0.997222222,146,LAL,TOR,0.84,691,499
2014-15,52,NBA TV,12/9/2013,0.833333333,0.938194444,151,MEM,ORL,0.16,123,96
2014-15,53,NBA TV,12/10/2013,0.793055556,0.9,154,IND,MIA,1.22,920,722
2014-15,54,ESPN,12/11/2013,0.836111111,0.949305556,163,NYK,CHI,1.3,1506,1253
2014-15,55,ESPN,12/11/2013,0.949305556,0.043055556,135,GSW,DAL,1.3,1492,1241
2014-15,56,TNT,12/12/2013,0.844444444,0.955555556,160,BRK,LAC,1.1,1244,1034
2014-15,57,TNT,12/12/2013,0.955555556,0.059722222,150,POR,HOU,1.1,1335,1092
2014-15,58,ESPN,12/13/2013,0.836111111,0.942361111,153,OKC,LAL,1.4,1751,1364
2014-15,59,ESPN,12/13/2013,0.942361111,0.054166667,161,GSW,HOU,1.4,1748,1373
2014-15,60,NBA TV,12/14/2013,0.8125,0.919444444,154,MIA,CLE,0.47,364,279
2014-15,61,NBA TV,12/16/2013,0.8125,0.917361111,151,BOS,MIN,0.45,438,274
2014-15,62,NBA TV,12/17/2013,0.876388889,0.975,142,DEN,OKC,0.62,438,369
2014-15,63,ESPN,12/18/2013,0.790277778,0.905555556,166,MIA,IND,2.3,2775,2270
2014-15,64,ESPN,12/18/2013,0.905555556,0.006944444,146,HOU,CHI,1.7,1970,1605
2014-15,65,TNT,12/19/2013,0.844444444,0.947222222,148,OKC,CHI,1.4,1770,1381
2014-15,66,TNT,12/19/2013,0.947222222,0.055555556,156,GSW,SAS,1.3,1549,1227
2014-15,67,ESPN,12/20/2013,0.836111111,0.940972222,151,IND,HOU,1.3,1699,1270
2014-15,68,ESPN,12/20/2013,0.940972222,0.044444444,149,LAL,MIN,1.2,1383,1117
2014-15,69,NBA TV,12/21/2013,0.833333333,0.929861111,139,CHI,CLE,0.3,253,207
2014-15,70,NBA TV,12/21/2013,0.929861111,0.045833333,167,LAC,DEN,0.4,283,234
2014-15,71,NBA TV,12/23/2013,0.91875,0.029166667,159,SAC,NOP,0.2,182,148
2014-15,72,ESPN,12/25/2013,0.499305556,0.601388889,147,BRK,CHI,2,2779,1893
2014-15,73,ABC,12/25/2013,0.602083333,0.713194444,160,NYK,OKC,3,5451,3498
2014-15,74,ABC,12/25/2013,0.713194444,0.826388889,163,LAL,MIA,4.2,7832,4820
2014-15,75,ESPN,12/25/2013,0.833333333,0.940277778,154,SAS,HOU,2.4,3395,2317
2014-15,76,ESPN,12/25/2013,0.940277778,0.059722222,172,GSW,LAC,2.2,2730,2137
2014-15,77,TNT,12/26/2013,0.845138889,0.952083333,154,HOU,MEM,1.2,1477,1144
2014-15,78,TNT,12/26/2013,0.952083333,0.074305556,176,POR,LAC,1.3,1530,1248
2014-15,79,NBA TV,12/27/2013,0.833333333,0.929861111,139,MIN,WAS,0.33,226,196
2014-15,80,NBA TV,12/28/2013,0.790972222,0.89375,148,IND,BRK,0.19,311,215
2014-15,81,NBA TV,12/29/2013,0.791666667,0.888194444,139,OKC,HOU,0.15,257,176
2014-15,82,NBA TV,12/30/2013,0.834027778,0.94375,158,MEM,CHI,0.15,245,176
2014-15,83,NBA TV,12/31/2013,0.832638889,0.936805556,150,OKC,POR,0.45,358,269
2014-15,84,NBA TV,1/2/2014,0.833333333,0.940972222,155,OKC,BRK,0.43,338,257
2014-15,85,NBA TV,1/3/2014,0.833333333,0.946527778,163,HOU,NYK,0.34,265,204
2014-15,86,NBA TV,1/5/2014,0.8125,0.915277778,148,DAL,NYK,0.38,308,227
2014-15,87,NBA TV,1/7/2014,0.816666667,0.913888889,140,MIA,NOP,0.49,373,293
2014-15,88,ESPN,1/8/2014,0.791666667,0.898611111,154,SAS,DAL,1,1201,982
2014-15,89,ESPN,1/8/2014,0.898611111,0.011111111,162,MIN,PHX,0.9,1106,898
2014-15,90,TNT,1/9/2014,0.844444444,0.946527778,147,NYK,MIA,2.4,3144,2368
2014-15,91,TNT,1/9/2014,0.946527778,0.052083333,152,DEN,OKC,1.5,1709,1435
2014-15,92,ESPN,1/10/2014,0.836111111,0.966666667,188,BRK,MIA,2,2485,1906
2014-15,93,ESPN,1/10/2014,0.966666667,0.052083333,123,LAC,LAL,1.3,1524,1261
2014-15,94,NBA TV,1/13/2014,0.835416667,0.946527778,160,CHI,WAS,0.2,155,121
2014-15,95,NBA TV,1/14/2014,0.795138889,0.893055556,141,IND,SAC,0.33,255,197
2014-15,96,ESPN,1/15/2014,0.836111111,0.940972222,151,SAS,UTA,0.8,996,819
2014-15,97,ESPN,1/15/2014,0.940972222,0.052083333,160,GSW,DEN,1,1196,961
2014-15,98,NBA TV,1/16/2014,0.625,0.719444444,136,ATL,BRK,0.16,96,94
2014-15,99,TNT,1/16/2014,0.802777778,0.90625,149,IND,NYK,1.3,1634,1290
2014-15,100,TNT,1/16/2014,0.90625,0.017361111,160,HOU,OKC,1.5,1915,1504
2014-15,101,ESPN,1/17/2014,0.790972222,0.907638889,168,NYK,LAC,1,1103,950
2014-15,102,ESPN,1/17/2014,0.907638889,0.017361111,158,OKC,GSW,1.5,1721,1408
2014-15,103,NBA TV,1/18/2014,0.791666667,0.897222222,152,IND,LAC,0.39,310,234
2014-15,104,ESPN,1/20/2014,0.604166667,0.711111111,154,NYK,BRK,0.9,986,827
2014-15,105,NBA TV,1/20/2014,0.710416667,0.820833333,159,MEM,NOP,0.25,179,150
2014-15,106,TNT,1/20/2014,0.834027778,0.944444444,159,HOU,POR,1,1324,1005
2014-15,107,TNT,1/20/2014,0.944444444,0.051388889,154,GSW,IND,1.3,1558,1223
2014-15,108,NBA TV,1/21/2014,0.813194444,0.917361111,150,MIA,BOS,0.78,603,467
2014-15,109,ESPN,1/22/2014,0.833333333,0.949305556,167,SAS,OKC,1.5,1865,1427
2014-15,110,ESPN,1/22/2014,0.949305556,0.051388889,147,PHX,IND,1.2,1372,1140
2014-15,111,TNT,1/23/2014,0.833333333,0.94375,159,MIA,LAL,2,2651,1957
2014-15,112,TNT,1/23/2014,0.94375,0.057638889,164,POR,DEN,1.2,1474,1121
2014-15,113,ESPN,1/24/2014,0.836111111,0.935416667,143,CHI,LAC,1,1326,1009
2014-15,114,NBA TV,1/24/2014,0.936111111,0.04375,155,GSW,MIN,0.49,394,296
2014-15,115,NBA TV,1/25/2014,0.793055556,0.890972222,141,CHA,CHI,0.32,267,194
2014-15,116,NBA TV,1/25/2014,0.917361111,0.016666667,143,POR,MIN,0.39,303,233
2014-15,117,ABC,1/26/2014,0.538888889,0.64375,151,MIA,SAS,2.4,3546,2723
2014-15,118,ABC,1/26/2014,0.64375,0.75,153,NYK,LAL,2.8,4371,3296
2014-15,119,ESPN,1/26/2014,0.769444444,0.880555556,160,BOS,BRK,1.2,1520,1125
2014-15,120,NBA TV,1/27/2014,0.833333333,0.941666667,156,CHI,MIN,0.36,261,213
2014-15,121,NBA TV,1/28/2014,0.833333333,0.943055556,158,HOU,SAS,0.52,473,311
2014-15,122,ESPN,1/29/2014,0.790972222,0.902083333,160,MIA,OKC,2.8,3864,2739
2014-15,123,ESPN,1/29/2014,0.902083333,0,141,SAS,CHI,1.5,2043,1449
2014-15,124,TNT,1/30/2014,0.833333333,0.944444444,160,NYK,CLE,1.1,1380,1061
2014-15,125,TNT,1/30/2014,0.944444444,0.052083333,155,GSW,LAC,1.2,1604,1213
2014-15,126,ESPN,1/31/2014,0.836111111,0.940972222,151,BRK,OKC,1.4,1710,1342
2014-15,127,ESPN,1/31/2014,0.940972222,0.046527778,152,UTA,GSW,1.1,1414,1100
2014-15,128,ESPN,2/1/2014,0.876388889,0.967361111,131,NYK,MIA,2,2645,1980
2014-15,129,NBA TV,2/3/2014,0.833333333,0.934722222,146,NOP,SAS,0.27,209,161
2014-15,130,NBA TV,2/4/2014,0.875,0.986111111,160,PHX,CHI,0.36,261,217
2014-15,131,ESPN,2/5/2014,0.836111111,0.941666667,152,NYK,POR,1.3,1703,1257
2014-15,132,ESPN,2/5/2014,0.941666667,0.063194444,175,LAC,MIA,1.9,2555,1815
2014-15,133,TNT,2/6/2014,0.834027778,0.94375,158,BRK,SAS,1.2,1391,1122
2014-15,134,TNT,2/6/2014,0.94375,0.053472222,158,GSW,CHI,1.2,1446,1158
2014-15,135,ESPN,2/7/2014,0.791666667,0.921527778,187,IND,POR,1.1,1280,1041
2014-15,136,ESPN,2/7/2014,0.921527778,0.009027778,126,NOP,MIN,1.1,1295,1050
2014-15,137,NBA TV,2/8/2014,0.8125,0.913888889,146,DET,DEN,0.24,227,143
2014-15,138,ABC,2/9/2014,0.538194444,0.647222222,157,OKC,NYK,1.9,2684,2161
2014-15,139,ABC,2/9/2014,0.647222222,0.75,148,LAL,CHI,2,3071,2359
2014-15,140,NBA TV,2/9/2014,0.75,0.863194444,163,BOS,DAL,0.32,241,190
2014-15,141,NBA TV,2/10/2014,0.833333333,0.931944444,142,MIN,HOU,0.31,264,182
2014-15,142,NBA TV,2/11/2014,0.791666667,0.896527778,151,CLE,SAC,0.19,152,111
2014-15,143,NBA TV,2/11/2014,0.916666667,0.028472222,161,POR,OKC,0.56,442,334
2014-15,144,NBA TV,2/12/2014,0.811805556,0.931944444,173,NYK,SAC,0.43,320,255
2014-15,145,NBA TV,2/12/2014,0.9375,0.048611111,160,GSW,MIA,0.84,746,503
2014-15,146,TNT,2/13/2014,0.834027778,0.947916667,164,CHI,BRK,1.1,1496,1105
2014-15,147,TNT,2/13/2014,0.947916667,0.061111111,163,LAL,OKC,1.3,1735,1288
2014-15,148,NBA TV,2/18/2014,0.833333333,0.939583333,153,MEM,NYK,0.35,260,208
2014-15,149,NBA TV,2/18/2014,0.939583333,0.045138889,152,LAC,SAS,0.49,333,293
2014-15,150,ESPN,2/19/2014,0.836111111,0.940277778,150,MIN,IND,1,1182,958
2014-15,151,ESPN,2/19/2014,0.940277778,0.040972222,145,LAL,HOU,1,1274,1001
2014-15,152,TNT,2/20/2014,0.84375,0.952777778,157,OKC,MIA,2.9,3836,2843
2014-15,153,TNT,2/20/2014,0.952777778,0.075694444,177,GSW,HOU,1.7,2039,1634
2014-15,154,ESPN,2/21/2014,0.836111111,0.943055556,154,CHI,DEN,0.8,1038,782
2014-15,155,ESPN,2/21/2014,0.943055556,0.045138889,147,LAL,BOS,1,1419,1012
2014-15,156,NBA TV,2/22/2014,0.791666667,0.902083333,159,WAS,NOP,0.22,140,133
2014-15,157,NBA TV,2/22/2014,0.916666667,0.027083333,159,SAC,BOS,0.24,147,143
2014-15,158,ABC,2/23/2014,0.538194444,0.65625,170,OKC,LAC,1.7,2495,1981
2014-15,159,ABC,2/23/2014,0.65625,0.756944444,145,MIA,CHI,2.4,3661,2738
2014-15,160,ESPN,2/23/2014,0.875,0.990972222,167,PHX,HOU,0.9,1130,884
2014-15,161,NBA TV,2/24/2014,0.814583333,0.925694444,160,NYK,DAL,0.4,304,237
2014-15,162,NBA TV,2/25/2014,0.791666667,0.8875,138,IND,LAL,0.28,201,170
2014-15,163,ESPN,2/26/2014,0.836111111,0.940277778,150,DAL,NOP,0.9,1020,823
2014-15,164,ESPN,2/26/2014,0.940277778,0.046527778,153,LAC,HOU,1.4,1650,1350
2014-15,165,TNT,2/27/2014,0.844444444,0.950694444,153,MIA,NYK,2.2,2722,2101
2014-15,166,TNT,2/27/2014,0.950694444,0.05625,152,DEN,BRK,1,1245,1008
2014-15,167,ESPN,2/28/2014,0.836111111,0.944444444,156,NYK,GSW,1.1,1374,1073
2014-15,168,ESPN,2/28/2014,0.944444444,0.047916667,149,PHX,NOP,0.9,1075,890
2014-15,169,NBA TV,3/1/2014,0.813194444,0.928472222,166,PHI,WAS,0.38,262,227
2014-15,170,NBA TV,3/1/2014,0.928472222,0.027083333,142,POR,DEN,0.37,272,220
2014-15,171,ABC,3/2/2014,0.538888889,0.645833333,154,CHI,NYK,1.6,2556,1898
2014-15,172,NBA TV,3/2/2014,0.793055556,0.894444444,146,SAS,DAL,0.43,358,258
2014-15,173,NBA TV,3/3/2014,0.813194444,0.918055556,151,BRK,CHI,0.27,218,163
2014-15,174,NBA TV,3/3/2014,0.918055556,0.024305556,153,SAC,NOP,0.3,218,176
2014-15,175,NBA TV,3/4/2014,0.833333333,0.938888889,152,HOU,MIA,0.99,788,591
2014-15,176,NBA TV,3/4/2014,0.938888889,0.043055556,150,LAL,NOP,0.49,388,289
2014-15,177,ESPN,3/5/2014,0.836111111,0.942361111,153,DEN,DAL,0.9,996,831
2014-15,178,ESPN,3/5/2014,0.942361111,0.041666667,143,POR,ATL,0.8,890,758
2014-15,179,TNT,3/6/2014,0.844444444,0.952777778,156,SAS,MIA,2,2630,1968
2014-15,180,TNT,3/6/2014,0.952777778,0.056944444,150,LAL,LAC,1.4,1701,1341
2014-15,181,ESPN,3/7/2014,0.791666667,0.898611111,154,CHI,MEM,0.8,1084,753
2014-15,182,ESPN,3/7/2014,0.898611111,0.008333333,158,HOU,IND,1.3,1784,1279
2014-15,183,NBA TV,3/8/2014,0.813194444,0.927083333,164,CLE,NYK,0.25,176,149
2014-15,184,ABC,3/9/2014,0.538888889,0.661111111,176,CHI,MIA,2.2,3381,2508
2014-15,185,ABC,3/9/2014,0.661111111,0.761111111,144,LAL,OKC,2.2,3382,2525
2014-15,186,NBA TV,3/9/2014,0.753472222,0.858333333,151,BOS,DET,0.25,188,152
2014-15,187,NBA TV,3/9/2014,0.873611111,0.982638889,157,GSW,PHX,0.6,418,355
2014-15,188,NBA TV,3/10/2014,0.939583333,0.056944444,169,LAC,PHX,0.41,298,245
2014-15,189,NBA TV,3/11/2014,0.835416667,0.947222222,161,OKC,HOU,0.75,643,446
2014-15,190,ESPN,3/12/2014,0.791666667,0.899305556,155,MIA,BRK,1.4,1626,1309
2014-15,191,ESPN,3/12/2014,0.899305556,0.003472222,150,SAS,POR,1.4,1751,1330
2014-15,192,TNT,3/13/2014,0.802777778,0.904861111,147,CHI,HOU,1,1204,989
2014-15,193,TNT,3/13/2014,0.904861111,0.013194444,156,OKC,LAL,1.3,1581,1249
2014-15,194,NBA TV,3/14/2014,0.855555556,0.949305556,135,SAS,LAL,0.35,258,210
2014-15,195,NBA TV,3/15/2014,0.813194444,0.921527778,156,ATL,DEN,0.21,172,125
2014-15,196,ABC,3/16/2014,0.643055556,0.757638889,165,MIA,HOU,2.1,3269,2477
2014-15,197,NBA TV,3/16/2014,0.898611111,0.002083333,149,LAC,CLE,0.29,205,173
2014-15,198,ESPN,3/17/2014,0.833333333,0.941666667,156,CHI,OKC,1.2,1518,1198
2014-15,199,ESPN,3/17/2014,0.941666667,0.054861111,163,DEN,LAC,1.2,1431,1149
2014-15,200,NBA TV,3/18/2014,0.813888889,0.934722222,174,ATL,TOR,0.36,313,213
2014-15,201,ESPN,3/19/2014,0.836805556,0.953472222,168,NYK,IND,1.4,1681,1355
2014-15,202,ESPN,3/19/2014,0.953472222,0.045138889,132,LAL,SAS,1.3,1497,1256
2014-15,203,NBA TV,3/22/2014,0.9375,0.041666667,150,GSW,SAS,0.28,221,170
2014-15,204,NBA TV,3/24/2014,0.8125,0.916666667,150,MIA,POR,0.55,398,325
2014-15,205,TNT,3/25/2014,0.844444444,0.977777778,192,DAL,OKC,1.4,1743,1319
2014-15,206,TNT,3/25/2014,0.977777778,0.05625,113,LAL,NYK,1.1,1442,1098
2014-15,207,ESPN,3/26/2014,0.835416667,0.954166667,171,IND,MIA,2.7,3348,2587
2014-15,208,ESPN,3/26/2014,0.954166667,0.045833333,132,UTA,MEM,1.1,1281,1040
2014-15,209,NBA TV,3/29/2014,0.833333333,0.941666667,156,HOU,LAC,0.4,337,241
2014-15,210,NBA TV,3/30/2014,0.875694444,0.983333333,155,POR,MEM,0.31,216,186
2014-15,211,NBA TV,3/31/2014,0.792361111,0.892361111,144,IND,SAS,0.42,298,248
2014-15,212,TNT,4/1/2014,0.84375,0.949305556,152,BRK,HOU,0.9,1125,891
2014-15,213,TNT,4/1/2014,0.949305556,0.052083333,148,LAL,POR,0.9,1176,911
2014-15,214,ESPN,4/2/2014,0.791666667,0.902083333,159,NYK,BRK,1,1187,931
2014-15,215,TNT,4/3/2014,0.84375,0.95,153,OKC,SAS,1.5,1944,1481
2014-15,216,TNT,4/3/2014,0.95,0.061111111,160,LAC,DAL,1.2,1439,1154
2014-15,217,ESPN,4/4/2014,0.791666667,0.909027778,169,MEM,DEN,0.7,800,660
2014-15,218,ESPN,4/4/2014,0.909027778,0.011111111,147,HOU,OKC,1.4,1746,1377
2014-15,219,ABC,4/6/2014,0.538888889,0.653472222,165,MIA,NYK,2,3019,2345
2014-15,220,ABC,4/6/2014,0.653472222,0.760416667,154,LAC,LAL,2,2981,2338
2014-15,221,NBA TV,4/6/2014,0.75,0.859027778,157,IND,ATL,0.35,278,209
2014-15,222,NBA TV,4/6/2014,0.875,0.992361111,169,PHX,OKC,0.6,442,355
2014-15,223,TNT,4/8/2014,0.84375,0.949305556,152,MIA,BRK,1.4,1789,1331
2014-15,224,TNT,4/8/2014,0.949305556,0.053472222,150,LAL,HOU,1,1250,940
2014-15,225,ESPN,4/9/2014,0.836111111,0.946527778,159,MEM,MIA,1.5,1957,1484
2014-15,226,ESPN,4/9/2014,0.946527778,0.060416667,164,LAC,OKC,1.6,1938,1543
2014-15,227,TNT,4/10/2014,0.84375,0.951388889,155,DAL,SAS,1.3,1598,1279
2014-15,228,TNT,4/10/2014,0.951388889,0.054166667,148,GSW,DEN,1.1,1305,1030
2014-15,229,NBA TV,4/11/2014,0.8125,0.925,162,MIA,IND,0.93,705,550
2014-15,230,NBA TV,4/11/2014,0.945138889,0.034722222,129,LAL,GSW,0.53,390,314
2014-15,231,NBA TV,4/12/2014,0.854166667,0.965277778,160,DAL,PHX,0.48,325,283
2014-15,232,ABC,4/13/2014,0.538888889,0.655555556,168,IND,OKC,1.9,2828,2162
2014-15,233,NBA TV,4/13/2014,0.75,0.852083333,147,BRK,ORL,0.28,208,168
2014-15,234,NBA TV,4/13/2014,0.894444444,0.99375,143,LAL,MEM,0.34,255,201
2014-15,235,NBA TV,4/14/2014,0.834722222,0.932638889,141,HOU,SAS,0.52,421,305
2014-15,236,NBA TV,4/14/2014,0.932638889,0.047222222,165,GSW,MIN,0.52,387,310
2014-15,237,TNT,4/15/2014,0.845138889,0.951388889,153,BRK,NYK,1.2,1384,1132
2014-15,238,TNT,4/15/2014,0.951388889,0.054861111,149,LAC,DEN,0.9,1144,897
2014-15,239,ESPN,4/16/2014,0.836111111,0.958333333,176,MEM,DAL,1,1249,974
2014-15,240,ESPN,4/16/2014,0.958333333,0.047222222,128,DEN,GSW,1.1,1572,1088
